,18978
và,2940
có,2445
người,2303
của,2112
không,2031
các,1941
trong,1866
là,1785
một,1773
cho,1684
tôi,1556
với,1473
được,1461
ở,1315
những,1261
khi,1259
để,1241
bệnh,1149
đã,1136
công,1070
từ,982
học,981
thể,971
nhà,968
cũng,953
đến,951
tại,915
về,901
dịch,872
việc,871
nhiều,852
ra,852
nhân,844
ngày,827
đó,827
làm,825
này,775
trên,774
như,773
bị,762
cách,744
số,729
động,715
vào,695
phải,689
hiện,676
hơn,661
sẽ,660
năm,653
chỉ,652
chúng,650
hàng,646
lại,638
điều,636
gia,633
đầu,628
tế,624
theo,622
vì,618
nhưng,604
đang,600
thành,592
viên,580
đồng,577
thời,562
đi,558
sau,558
con,558
nước,547
trường,540
chính,532
sự,531
y,523
covid-19,512
anh,508
biết,501
định,497
bộ,487
trước,482
quan,480
qua,479
còn,478
nhiễm,478
nhất,478
cơ,467
sinh,467
hai,464
thông,463
xe,460
nói,460
nhận,460
thực,459
bạn,456
quốc,454
trung,454
dụng,449
ông,444
hình,434
họ,431
nam,421
việt,417
tiếp,417
phòng,414
viện,410
giá,404
cả,403
thế,403
toàn,398
hợp,397
cầu,395
cần,390
nội,388
tập,388
tính,386
do,385
đại,383
vẫn,379
bảo,373
tình,367
ca,367
phát,365
dân,363
tin,357
gian,348
đây,348
khác,347
ly,346
nên,346
mới,343
sản,342
nếu,342
hành,341
tháng,341
mà,341
rất,338
hà,337
cùng,332
lên,331
cô,330
khách,327
phương,317
-,313
lý,313
tới,312
vụ,310
ta,310
giải,309
thì,308
lớn,307
chưa,306
gần,306
thị,305
bản,304
mình,304
xuất,302
ngoài,302
chủ,301
tự,300
hay,299
máy,298
giảm,298
thấy,297
cao,297
chức,293
đường,291
hoạt,289
sĩ,287
.,284
nơi,284
yêu,283
tiền,282
điểm,280
giới,278
cuộc,277
hoặc,275
chống,275
mọi,274
tác,274
triệu,273
sống,273
thiết,273
báo,272
kết,271
độ,270
nay,269
trị,268
nghiệm,267
rằng,266
nghiệp,265
hội,265
cảnh,265
tâm,265
cấp,263
lây,263
thủ,261
ncov,259
phố,258
pháp,257
lần,254
em,253
liên,252
bình,250
an,250
tài,248
sử,247
mỗi,247
khó,246
tăng,246
doanh,245
trình,244
tổ,242
mỹ,242
đề,242
nào,241
bằng,241
đình,241
cảm,240
đối,240
ý,239
lượng,239
cửa,238
diễn,236
trở,235
năng,233
xét,233
mẹ,233
thường,232
bố,230
quyết,229
ảnh,228
hôm,228
đưa,228
mặt,227
phần,226
cộng,224
giờ,224
xã,223
trang,223
hệ,223
kinh,222
án,221
tạo,221
nhiên,221
thân,221
thống,220
trẻ,219
bay,218
quá,215
muốn,214
sở,213
tuổi,213
ba,213
thứ,213
kiểm,210
vậy,210
ứng,207
giúp,207
quả,206
tay,206
bác,206
lúc,205
kiến,204
ăn,203
thức,201
nhau,201
khu,201
thêm,200
truyền,200
địa,200
khoảng,199
bắt,197
đội,196
sức,195
trực,195
hiệu,194
vật,194
tuyến,192
từng,191
dự,190
chuyện,189
tốt,189
chiến,189
hạn,188
dùng,187
lan,186
đều,184
cứu,183
bất,183
tham,183
chứng,182
đóng,182
nghĩ,182
tư,182
sáng,181
bên,181
điện,181
thu,181
chế,181
gì,181
giáo,180
tuy,180
ban,179
thương,179
hướng,179
trợ,179
rồi,178
phủ,177
giao,176
khiến,176
nghỉ,176
tiếng,175
du,175
tuần,175
hết,175
thay,175
sát,175
tỉnh,173
tối,172
virus,171
2,171
ty,171
phân,171
liệu,170
dẫn,170
trọng,170
tìm,169
phẩm,168
lực,168
3,167
bài,166
thanh,164
đất,164
quy,164
biến,163
cáo,163
tiên,162
dù,161
tục,159
kỳ,159
tp,158
phụ,158
bán,157
đông,157
mai,156
gặp,156
đủ,155
nguy,155
mức,155
chia,155
đơn,155
bà,154
nghệ,153
chọn,153
lịch,152
khẩu,151
ai,151
hoàn,151
kế,151
vệ,151
giữa,150
nhóm,149
thật,149
đánh,148
loại,148
tử,147
ít,147
nghiên,146
bao,146
mang,146
nó,145
5,145
hưởng,144
mạng,144
mùa,144
rác,143
văn,143
gọi,142
khoa,142
thi,140
tất,140
trưởng,139
chuyển,138
khỏe,138
xử,138
hỗ,138
quyền,138
vừa,137
giữ,137
chất,137
nhập,137
dương,136
mạnh,136
gây,135
vô,135
dung,135
áp,135
mẫu,135
vực,134
nguyên,134
vị,134
ghi,134
biệt,134
xác,132
ngay,132
đạo,131
10,131
tích,131
tiêu,131
bỏ,130
sân,129
khả,129
lấy,129
nhanh,129
thích,128
chị,128
xa,128
kể,127
hải,127
covid-19.,127
hóa,126
vi,126
cứ,126
hỏi,126
cuối,126
câu,125
chuyên,125
yếu,125
châu,125
trí,125
sợ,125
đảm,125
xúc,125
vùng,124
tương,124
so,123
triển,123
lập,123
thầy,122
thái,122
nói.,122
dục,121
lao,121
khăn,121
luôn,121
luật,120
khỏi,120
tổng,120
minh,120
lời,120
chi,120
sang,119
cung,119
chí,119
tinh,118
cái,118
phục,117
khai,116
hãng,116
hiểu,116
bởi,115
mất,115
phim,115
nữ,115
tỷ,115
sao,115
ngoại,114
hcm,114
gồm,114
lo,114
dài,113
soát,113
vận,113
gửi,113
tránh,112
dạy,112
sẻ,112
phạm,112
mua,112
riêng,112
vũ,111
mở,111
vấn,111
đặc,111
chuyến,111
cố,111
lương,111
tra,111
đồ,111
này.,110
sách,110
xây,110
giám,110
chồng,110
phong,109
nhiệm,109
dừng,109
biện,109
đoạn,109
hồ,108
đăng,108
tạm,108
càng,108
nhiệt,108
đặt,107
nguyễn,107
thuộc,107
ngành,107
mắc,107
xem,106
đào,106
đổi,106
4,106
chuẩn,105
lớp,105
lưu,105
chung,105
vợ,105
âm,104
đứng,104
tiến,103
đúng,103
hãy,103
tướng,102
họp,102
diện,102
tiết,102
mắt,102
thiếu,102
phép,101
chiếc,101
ấy,101
phí,100
chạy,98
ngân,98
cá,98
tranh,98
vài,98
nhằm,98
rộng,98
dựng,97
chương,97
đa,97
tội,96
dữ,95
trạng,95
đá,95
giả,94
nhật,93
kiện,93
sư,92
chịu,92
bóng,92
duy,92
đốc,92
nguồn,92
nghĩa,91
trách,91
6,91
ngồi,90
kỹ,90
trả,89
nghi,89
quảng,88
xin,88
rửa,88
mặc,88
hoạch,88
bạch,87
cực,87
khoản,87
linh,87
dưới,87
chết,87
hồi,87
thuê,86
nhỏ,86
suy,86
chơi,86
khuyến,86
nghe,86
quen,85
đoàn,85
gái,85
rõ,84
quê,84
quán,83
quản,83
tốc,83
chăm,83
hộ,83
nhìn,82
nổi,82
nặng,82
ngăn,82
phạt,81
tây,81
danh,81
đức,81
1,81
thử,80
thất,80
buộc,80
ảnh:,79
thần,79
usd,79
phó,79
đấu,79
thuật,79
nghị,79
hoa,78
chiều,78
quận,78
lòng,78
xuống,78
thậm,78
nền,77
cha,77
tố,77
20,77
chỉnh,77
hơn.,76
tịch,76
kéo,76
sóc,76
chỗ,76
phiên,75
lỗi,75
vong,75
tên,75
xếp,75
trì,75
dễ,74
lễ,74
giản,74
đổ,74
vượt,74
di,74
nghiêm,74
tòa,73
khí,73
cạnh,73
tỏa,73
bệnh.,73
ngừng,73
sai,73
cụ,73
hiểm,72
đôi,72
tạp,72
ký,72
nằm,72
phức,72
đầy,72
yên,72
đeo,71
lãnh,71
căn,71
trùng,71
độc,70
8,70
tải,70
chẳng,69
zoom,68
lệnh,68
đáng,68
thuận,68
trò,68
thuốc,68
phá,68
biển,68
đạt,68
bàn,68
bắc,68
đứa,68
khuẩn,68
hàn,67
vui,67
biên,67
thập,67
trái,67
thoại,67
dịch.,67
tiện,67
thiên,66
video,66
đời,66
đọc,66
ổn,66
đâu,66
cổ,66
sớm,66
vọng,66
bom,65
tắc,65
mong,65
lợi,65
lâu,65
mục,65
nâng,65
tượng,65
tưởng,64
dầu,64
khá,64
phúc,64
nhu,64
giác,63
bang,63
quanh,63
lạc,63
khắp,63
facebook,62
lái,62
bước,62
hạng,62
viết,62
hủy,62
nha,62
nhớ,62
dành,62
thiện,61
âu,61
30,61
12,61
sạn,61
phản,60
người.,60
thiệt,60
tận,60
kiếm,60
hại,59
luận,59
hữu,59
dưỡng,59
dòng,59
vòng,58
dõi,58
huyện,58
nhắc,58
bãi,58
môn,58
nữa,58
màn,58
suất,58
phù,57
ncov.,57
đồng.,57
quân,57
chắc,57
ngủ,57
hồng,56
miễn,56
băng,56
tuyên,56
tức,56
phía,56
100,56
dần,56
bé,56
thư,56
chấp,56
7,56
thấp,56
vốn,56
kính,55
trần,55
nửa,55
giai,55
nhắn,55
hoảng,54
khủng,54
kêu,54
buổi,54
khởi,54
internet,54
sắp,54
sẵn,54
kỷ,54
nỗi,54
9,54
giống,54
quý,54
xấu,53
xăng,53
giấy,53
chờ,53
vay,53
xung,53
toán,53
mối,53
sàng,53
chú,53
hoãn,53
xóm,53
nhờ,52
ninh,52
luyện,52
bè,52
2020,52
trọ,51
túi,51
15,51
tôn,51
đàn,51
mình.,51
tàu,51
thúc,51
31/3,51
khám,51
phối,51
đêm,51
gắng,51
hát,50
hán,50
bùng,50
góp,50
kiệm,50
kim,50
thí,50
tái,50
cập,50
chữa,49
gòn,49
nhà.,49
khử,49
miền,49
14,49
lại.,49
rời,49
loạt,49
quay,49
lựa,49
siêu,48
cháu,48
new,48
cư,48
chân,48
đẹp,48
khẳng,48
thăm,48
xuyên,48
sơn,48
nuôi,48
dựa,48
dấu,48
xảy,47
vẻ,47
khác.,47
tụ,47
trai,47
suốt,47
khẩn,47
thẩm,46
vân,46
áo,46
cường,46
cắt,46
đà,46
môi,46
nam.,45
chặn,45
tấn,45
lũ,45
hòa,45
cán,44
đón,44
sóng,44
cải,44
ôtô,44
đô,44
năm.,44
đau,44
bối,44
lắng,44
nghìn,43
trúc,43
ngày.,43
hậu,43
niềm,43
ngôi,43
cây,43
italy,43
định.,43
kia,43
đoán,43
cận,43
thao,43
trải,43
xế,42
chốt,42
trời,42
sốt,42
xanh,42
đẩy,42
chứ,42
thpt,42
nhạc,42
biểu,42
ngại,42
hy,42
hút,42
á,41
nói:,41
ương,41
khắc,41
kịch,41
sài,41
đài,41
hlv,41
lĩnh,41
uống,41
nước.,41
chuỗi,41
song,40
tuấn,40
kích,40
gấp,40
đới,40
tôi.,40
sạch,40
khô,40
hôn,40
mô,40
màu,40
chậm,40
trấn,40
phú,40
lượt,40
chắn,40
trận,40
online,39
hầu,39
cấu,39
xuân,39
đó.,39
huynh,39
giang,39
cưới,39
tuyển,39
quỹ,39
thở,39
lệ,39
trú,39
lộ,39
30/3,39
mấy,39
bốn,39
hoá,38
tắm,38
bê,38
long,38
hoang,38
gói,38
netflix,38
coi,38
tín,38
sắc,38
thiểu,38
ưu,38
cười,38
vắng,38
hoàng,38
kháng,38
ấn,38
thắng,37
1/4,37
vàng,37
tết,37
sáu,37
loài,37
tồn,37
hạnh,37
lắp,37
11,36
đảo,36
phê,36
thác,36
vai,36
mèo,36
lẽ,36
apple,36
đo,36
hưng,35
hương,35
được.,35
chứa,35
m,35
bức,35
nhất.,35
nghề,35
clb,35
200,35
bổ,35
hùng,35
hạ,35
bào,35
thú,35
ubnd,35
tuân,35
cũ,35
nhấn,35
iphone,35
cánh,35
hãi,34
nhau.,34
đáp,34
thói,34
cục,34
lê,34
phán,33
vinfast,33
trụ,33
phi,33
rủi,33
hội.,33
chiếm,33
vậy.,33
viễn,33
trăm,33
gạo,33
khán,33
ví,33
nợ,33
địch,33
cao.,33
thôi,33
28/3,33
đừng,33
chóng,33
quên,33
nạn,33
gắn,33
khoán,32
kê,32
núi,32
–,32
park,32
cà,32
trạm,32
phường,32
đây.,32
nổ,32
ro,32
sâu,32
york,32
ngược,32
thừa,32
ngọn,32
cấm,32
tân,32
bây,32
tặng,32
trao,32
canada,32
sung,32
nẵng,32
nối,32
tế.,32
phút,31
kiểu,31
hầm,31
đèn,31
tảng,31
ngừa,31
ơn,31
đột,31
sơ,31
can,31
chó,31
vĩnh,31
khối,30
v-league,30
nay.,30
ngữ,30
tầng,30
nghèo,30
chiếu,30
rút,30
động.,30
27/3,30
ngưng,30
ích,29
đua,29
ngắn,29
mã,29
ngọc,29
phóng,29
nỗ,29
tang,29
dã,29
đỡ,29
ngờ,29
thoát,29
gốc,29
cơn,29
dụ,29
hơi,29
km,29
trừ,29
mới.,29
tiểu,29
nhẹ,29
cân,29
cầm,29
mềm,29
mại,29
trích,29
họa,28
quang,28
bảng,28
ủng,28
chợ,28
tá,28
qua.,28
kênh,28
liệt,28
niên,28
lùi,28
khung,28
tổn,28
40,28
hấp,28
2019,28
toyota,28
tệ,28
trầm,27
huy,27
thân.,27
khúc,27
nộp,27
dạng,27
tông,27
ghế,27
nhân.,27
ho,27
vé,27
cup,27
ii,27
sửa,27
17,27
ngôn,27
lặng,27
rơi,27
ráp,27
trứng,26
thiệu,26
chạm,26
bám,26
500,26
16,26
đi.,26
thỏa,26
nóng,26
trông,26
biết.,26
khích,26
may,26
mái,26
trắng,26
tờ,26
tiềm,26
kẻ,26
thổ,26
cốt,26
bảy,26
lâm,26
60,26
corona,26
xe.,26
đợt,26
huống,26
bạc,26
bớt,26
khóa,26
honda,25
bờ,25
game,25
lai,25
nào.,25
khuyên,25
lửa,25
tấm,25
đợi,25
hài,25
29/3,25
mật,25
vong.,25
phổi,25
sa,25
nhiều.,25
máu,25
khiển,25
bề,25
smartphone,25
họ.,25
lợn,24
phổ,24
lãi,24
test,24
kém,24
bật,24
tỏ,24
chở,24
đống,24
trúng,24
rạp,24
nữa.,24
thảo,24
nấu,24
nắm,24
nông,24
usd.,24
trump,24
nguyện,24
tán,24
buồn,24
thưởng,24
dám,24
bmw,23
sông,23
bếp,23
tai,23
truy,23
bỗng,23
giới.,23
làng,23
ràng,23
xong,23
vườn,23
to,23
tui,23
già,23
trữ,23
21,23
a,23
tuyệt,23
22,23
brazil,23
bí,23
rà,23
chụp,23
chẩn,23
hiệp,23
kho,23
iran,22
nhũng,22
ánh,22
túc,22
rối,22
tĩnh,22
đẳng,22
bữa,22
mai.,22
thượng,22
tokyo,22
thường.,22
đỏ,22
kịp,22
trốn,22
cãi,22
làn,22
tầm,22
bày,22
chặt,22
la,22
25,22
series,22
sắt,22
cậu,22
50,22
23,22
nêu,22
thiết.,22
thai,22
motor,22
26/3,22
khổ,22
lạnh,22
hè,22
việc.,22
đồn,21
galaxy,21
nhiêu,21
vaccine,21
kẹt,21
discovery,21
google,21
huấn,21
liền,21
xu,21
chút,21
da,21
lọc,21
uy,21
sống.,21
ẩn,21
mạng.,21
1999,21
hoả,21
thùng,21
ngoài.,21
thôn,21
camera,21
lối,21
cửa.,21
lục,21
lành,21
cơm,21
xóa,21
23/3,21
hào,21
13,21
chín,21
thận,21
hô,21
dậy,21
dây,21
nilon,21
nhiễm.,21
đai,20
gà,20
tù,20
rau,20
mùi,20
tháng.,20
hứng,20
kèm,20
quần,20
thù,20
đoạt,20
đe,20
đường.,20
ra.,20
trước.,20
chùa,20
mơ,20
mời,20
ủy,20
đám,20
dư,20
donald,20
tháo,20
đền,20
phương.,20
chảy,20
gián,20
5g,20
quốc.,20
dũng,20
cỡ,19
vpf,19
không?,19
thách,19
vnexpress,19
đen,19
tháp,19
loạn,19
viện.,19
the,19
hiếm,19
thẳng,19
anh.,19
cứng,19
sổ,19
dắt,19
tộc,19
world,19
viên.,19
tật,19
ngoái,19
ngũ,19
khánh,19
thụ,19
van,19
tc,19
ford,19
tạp.,19
chéo,19
phun,19
ngơi,19
bổng,18
đỉnh,18
bánh,18
lẫn,18
phỏng,18
đương,18
chừng,18
tuần.,18
gọn,18
nở,18
phiếu,18
kín,18
chục,18
sánh,18
mẽ,18
khuôn,18
nato,18
trị.,18
lít,18
mạnh.,18
dọc,18
24,18
ống,18
gió,18
dọa,18
đắt,18
thợ,18
julia,18
ga,18
vương,18
trường.,18
2019-2020,18
học.,18
tách,18
mãi,18
hẳn,18
trương,18
đuổi,18
gel,17
chặng,17
300,17
ốc,17
gom,17
robot,17
singapore,17
ios,17
trại,17
trang.,17
golf,17
con.,17
khảo,17
nghiệm.,17
nhảy,17
giường,17
chủng,17
giấc,17
thả,17
đỗ,17
thể.,17
giam,17
1.000,17
ly.,17
lần.,17
rẻ,17
chúc,17
thải,17
miệng,17
2018,17
35,17
ôn,17
lõi,17
quả.,17
đòi,17
xịt,17
thơ,17
bồi,17
protein,17
xâm,17
khóc,17
mệt,17
cổng,17
lưới,17
diệt,17
xổ,16
táng,16
chim,16
stannard,16
fpt,16
thịt,16
cam,16
góc,16
thưa,16
rào,16
sdk,16
karaoke,16
bão,16
phận,16
cản,16
thoải,16
tùy,16
19,16
phòng.,16
tuổi),16
hcm.,16
tới.,16
sẻ.,16
trăng,16
lên.,16
cương,16
buýt,16
cực.,16
mắn,16
rượu,16
31/3.,16
24/3,16
món,16
thà,16
chữ,16
ép,16
hàng.,16
lẻ,16
cử,16
dáng,16
top,16
rèn,16
2.,16
vẽ,16
50%,16
nội.,16
niệm,16
vỡ,16
ngặt,16
f1,16
nso,15
hang-seo,15
nasa,15
chúng.,15
gb,15
đạp,15
phố.,15
gác,15
móng,15
thẻ,15
rồi.,15
c,15
chìa,15
sedan,15
(theo,15
bại,15
nhở,15
dọn,15
ngã,15
căng,15
nhẫn,15
đầu.,15
tễ,15
san,15
mát,15
in,15
pha,15
dược,15
olympic,15
lừa,15
australia,15
5.000,15
tắt,15
nga,15
41,15
dập,15
ruộng,15
cạn,15
duyên,15
khen,15
cựu,15
california,15
adn,15
viêm,15
cẩn,15
tim,15
hằng,15
sắm,15
lý.,15
sự.,15
tốn,15
thênh,14
ntu,14
ấm,14
100.000,14
tuyết,14
trọng.,14
trẻ.,14
xà,14
bụi,14
man,14
bơi,14
chuột,14
tung,14
điên,14
25/3,14
facebook.,14
quanh.,14
trưng,14
phanh,14
duyệt,14
tiếc,14
mầm,14
vff,14
cất,14
bạn.,14
che,14
55,14
trưa,14
kiên,14
0h,14
đình.,14
nhỏ.,14
tàn,14
ngẫm,14
súng,14
vy,14
thảm,14
tuổi.,14
mừng,14
ngột,14
nắng,14
quyên,14
tuyến.,14
tính.,14
đốt,14
0,14
thêm.,14
lặn,14
sữa,14
chính.,14
mỹ.,14
khổng,14
trộn,14
bậc,14
lãng,14
toả,14
neymar,14
xa.,14
giết,14
rưỡi,14
hình.,14
chu,14
non,14
thiệp,14
cúm,14
treo,14
dường,14
2021,14
muộn,14
lược,14
biết:,13
thuyền,13
sót,13
tàng,13
juventus,13
giàu,13
dàng,13
lạ,13
giây,13
mạch,13
chào,13
asia,13
android,13
phiền,13
trục,13
hộp,13
điểm.,13
thùy,13
ranh,13
nội),13
grand,13
maldives,13
chối,13
ước,13
điệp,13
2019.,13
gì.,13
tê,13
dẻo,13
ác,13
thua,13
lan.,13
đãi,13
ốm,13
toàn.,13
rừng,13
lớn.,13
malaysia,13
chán,13
luồng,13
tựa,13
mảng,13
mưa,13
18,13
trộm,13
chết.,13
ava,13
nugget,13
cự,13
thờ,13
gánh,13
inch,13
nadal,12
aff,12
vingroup,12
đáo,12
mộc,12
3/4,12
10/3,12
rock,12
cr-v,12
cúng,12
mê,12
ngầm,12
chẽ,12
dụng.,12
hảo,12
đem,12
nhường,12
cờ,12
chip,12
giành,12
mm,12
mt,12
hyundai,12
70%,12
dịp,12
hứa,12
mv,12
phục.,12
30/3.,12
phượng,12
công.,12
chat,12
vụ.,12
lưng,12
27,12
urea,12
xạ,12
bá,12
hoành,12
hỏa,12
riêng.,12
sau.,12
mũi,12
hiểm.,12
ngắm,12
hổ,12
cháy,12
khấu,12
chiết,12
youtube,12
lắm,12
cấp.,12
19/3,12
roberts,12
mộ,12
xứ,12
chấn,12
gia.,12
án.,12
huyết,12
ngọt,12
tan,12
trệ,12
đớn,12
hẹn,12
độ.,12
huawei,11
mực,11
lúa,11
tivi,11
hề,11
model,11
megapixel,11
tia,11
yếu.,11
mưu,11
nepal,11
xưởng,11
lắm.,11
cloud,11
binh,11
nghiệp.,11
kit,11
phút.,11
thang,11
vinh,11
dùng.,11
nút,11
như:,11
không.,11
cụm,11
gìn,11
ta.,11
nhịp,11
tú,11
hiện.,11
yến,11
đích,11
vả,11
rắc,11
làm.,11
ngang,11
lính,11
ngõ,11
tiêm,11
cuốn,11
1.500,11
na,11
xôi,11
chinh,11
gương,11
đâu.,11
gũi,11
xáo,11
ức,11
sỹ,11
sứ,11
tùng,11
phẫu,11
loan,11
dốc,11
chấm,11
trống,11
email,11
28,11
thủy,11
cộng.,11
tin.,11
lào,11
e,11
giỏi,11
tường,11
dồn,11
thầm,11
khăn.,11
ngưỡng,11
cặp,11
61,11
nhi,11
dị,11
sốc,11
sụt,11
bộc,11
phủ.,11
vã,11
gỡ,11
vách,11
vẹm,10
lò,10
ilo,10
rực,10
ẩm,10
cửu,10
texas,10
tụng,10
tand,10
cero,10
casanova,10
liệu.,10
au,10
canh,10
bát,10
dơi,10
xoắn,10
lốp,10
mb/giây,10
giỗ,10
nhôm,10
ronaldo,10
hư,10
leo,10
vất,10
sạc,10
mét,10
bồ,10
giáp,10
khoẻ,10
lũy,10
utd,10
gợi,10
bar,10
22/3,10
claire,10
dẹp,10
nhạy,10
29,10
hay.,10
khát,10
italy.,10
triệu.,10
chồng.,10
báo.,10
dài.,10
2.000,10
đá.,10
xưa,10
thcs,10
31,10
nhập.,10
thuyết,10
5.,10
kể.,10
về.,10
mười,10
thích.,10
giải.,10
thạch,10
lai.,10
ân,10
hồn,10
gái.,10
45,10
ghét,10
căm,10
nó.,10
hước,10
vang,10
còi,10
ron,10
đựng,10
vọt,10
giãn,10
nhận.,10
sinh.,10
cướp,10
ma,10
buôn,10
17/3,10
13/3,10
david,10
thành.,10
90,10
of,10
amazon,10
nguyên.,10
trôi,10
giấu,10
sụp,10
bù,10
vững,10
32,10
bầu,10
harry,10
tóc,10
phả,10
56,10
tốt.,10
nặng.,10
nụ,10
lá,10
jayne,10
4.,10
ngoái.,10
sản.,10
ace2,10
xuất.,10
vội,10
mòn,10
trịnh,10
trân,10
lukaku,9
mông,9
mourinho,9
bẩn,9
ủ,9
thạc,9
dải,9
nếp,9
cốm,9
ô,9
200.000,9
vòi,9
ven,9
giọng,9
giả.,9
viếng,9
mâm,9
đam,9
ahmed,9
hò,9
ram,9
thước,9
samsung,9
pin,9
rỉ,9
khe,9
dĩ,9
tạ,9
80,9
ung,9
johnson,9
kệ,9
mẹo,9
virus.,9
dinh,9
meetings,9
hạn.,9
visa,9
ngựa,9
justin,9
súc,9
quà,9
phẩm.,9
hoạ,9
2012,9
700,9
km.,9
sao?,9
mượn,9
covid,9
mắng,9
trà,9
nhanh.,9
bay.,9
(chung,9
bốc,9
cẩm,9
nét,9
lỗ,9
ghen,9
thắc,9
tôm,9
mươi,9
chàng,9
phuket,9
10.000,9
dày,9
xá,9
thoáng,9
chật,9
80%,9
cú,9
serbia,9
âu.,9
giặc,9
70,9
em.,9
800,9
hán.,9
khống,9
nề,9
85,9
2/4,9
hợp.,9
mạc,9
khiếp,9
sàn,9
lỏng,9
điệu,9
kiệt,9
mù,9
lều,9
ghé,9
thấu,9
nhuận,9
lồ,9
máy.,9
điển,9
quãng,9
tươi,9
tư.,9
cát,9
2014,9
vinpearl,9
bi,9
tour,9
gene,9
hiếu,9
nhạt,9
thốn,9
slam,8
joe,8
hố,8
ying,8
bai,8
xiaomi,8
êkíp,8
ngô,8
sea,8
bọc,8
tro,8
rác.,8
ngc,8
lung,8
lọ,8
ronaldinho,8
trồng,8
mến,8
đun,8
sen,8
james,8
cào,8
tám,8
john,8
40%,8
than,8
đắn,8
garden,8
63,8
lầm,8
tả,8
đĩa,8
m11,8
dao,8
cậy,8
(who),8
ts,8
kính.,8
toa,8
nướng,8
dấy,8
hỏng,8
vỏ,8
gồm:,8
suv,8
ảo,8
robert,8
muốn.,8
2006,8
cuồng,8
theo.,8
86,8
khoanh,8
bùi,8
m.,8
lee,8
rằng:,8
54,8
trung.,8
2008,8
(hà,8
vươn,8
bó,8
gập,8
bấm,8
i10,8
bền,8
bận,8
lệch,8
2017,8
thoả,8
tròn,8
hagl,8
giật,8
hiển,8
gạch,8
thọ,8
huế,8
tay.,8
phan,8
ổ,8
m2,8
hối,8
tha,8
kg,8
tản,8
xưng,8
thuần,8
bến,8
đấy,8
đạm,8
đằng,8
internet.,8
25.000,8
3.,8
croatia,8
ngon,8
phác,8
dứt,8
khoang,8
who,8
tiền.,8
mạo,8
mexico,8
keith,8
15/3,8
ca.,8
euro,8
33,8
giận,8
tiệm,8
gym,8
5/4,8
hoài,8
cắp,8
ơi,8
đậu,8
bọn,8
túp,8
ceo,8
hụt,8
đắp,8
hàm,8
42,8
hollywood,8
rỡ,8
angeles,8
los,8
charles,8
36,8
(bộ,8
barca,8
2013,8
tứ,8
204,8
8-11/8,8
15/7,8
20%,8
lấp,8
khách.,8
kiêm,8
gucht,8
mazda,8
mỏi,8
ôm,8
dính,8
su,8
sĩ.,8
xua,8
csgt,7
vợt,7
bugatti,7
englishnow,7
lifebuoy,7
guốc,7
lộn,7
ecopark,7
real,7
acecook,7
shimura,7
xô,7
madrid,7
brexar,7
trặc,7
60%,7
mâu,7
x-57,7
games,7
mỡ,7
26,7
paris,7
sương,7
4618,7
auto,7
xả,7
giảng,7
matthew,7
liễu,7
bạ,7
schoolrank,7
sáng.,7
mì,7
chìm,7
lái.,7
x55,7
baic,7
quan.,7
ngạc,7
mũ,7
phơi,7
dịu,7
mah,7
2-3,7
cáp,7
liga,7
bội,7
nhánh,7
xài,7
li,7
khay,7
găng,7
củng,7
chung.,7
thớt,7
8/3,7
26/3.,7
chelsea,7
tottenham,7
liverpool,7
nắp,7
gàng,7
nào?,7
khứu,7
lực.,7
mốc,7
luận.,7
gối,7
hiền,7
(bài,7
hét,7
gội,7
sôi,7
nhung,7
hâm,7
tuỳ,7
lánh,7
tẩy,7
48,7
2009,7
hóa.,7
150,7
thế.,7
attrage,7
soluto,7
abs,7
hydroxychloroquine,7
đẻ,7
tiệc,7
lòng.,7
kề,7
400,7
khan,7
quỳnh,7
rộ,7
2010,7
slna,7
viettel,7
gắt,7
thoại.,7
thỉnh,7
chê,7
thoảng,7
quát,7
mỳ,7
hít,7
6/3,7
tối.,7
27/3.,7
va,7
họng,7
tỉnh.,7
bách,7
bắn,7
scitech,7
vẹn,7
trọn,7
lỗi.,7
tao,7
phúc.,7
túng,7
nấy,7
lướt,7
vọng.,7
rải,7
đẫm,7
78,7
ném,7
lắng.,7
hãi.,7
bắc.,7
lít.,7
95,7
giang.,7
guardian,7
15/4,7
bản.,7
2021.,7
ioc,7
cách.,7
nhị,7
chiến.,7
trong.,7
20/3,7
săn,7
cỏ,7
times,7
khăng,7
im,7
nghẽn,7
trễ,7
ngàn,7
170,7
160,7
dở,7
lôi,7
cọc,7
hưu,7
vạch,7
đành,7
10%,7
1990,7
meghan,7
vướng,7
đông.,7
ngợi,7
hắn,7
2019-2020.,7
đề.,7
ngực,7
lịch.,7
thự,7
43,7
trợ.,7
6.,7
hong,7
bỉ,7
tràn,7
đòn,7
foxconn,7
thò,7
toni,6
lamborghini,6
rebel,6
sái,6
bọt,6
tamburelli,6
bolsonaro,6
note,6
redmi,6
eun,6
microsoft,6
87,6
dâng,6
carplay,6
tô,6
kurz,6
wang,6
ken,6
suôn,6
horn,6
aqua,6
2022,6
cup.,6
đảng,6
marketing,6
34,6
thuẫn,6
tỏa.,6
nhuộm,6
lác,6
cu,6
cúc,6
g80,6
dàn,6
003,6
sms,6
rổ,6
dân.,6
de,6
doe,6
30.000,6
tâm.,6
mộng,6
hạt,6
hoá.,6
trèo,6
cứu.,6
quẩn,6
gai,6
orleans,6
mô-men,6
đức.,6
đùa,6
gieo,6
ám,6
xấu.,6
gogh,6
thầu,6
vạ,6
thoái,6
nom,6
lam,6
gb.,6
x,6
trãi,6
xí,6
nao,6
đáy,6
ròng,6
2015,6
đàm,6
trinh,6
ngãi,6
giọt,6
sướng,6
cồn,6
lau,6
buồng,6
kiềm,6
bphone,6
vnexpress.net.),6
cảng,6
show,6
massage,6
củ,6
tủ,6
bể,6
keshvinder,6
han,6
ưa,6
khỏe.,6
đất.,6
500.000,6
quốc),6
tồi,6
đuôi,6
2011,6
lạ.,6
á.,6
&,6
resort,6
hòn,6
bạo,6
táo,6
b,6
rãi,6
mắt.,6
năng.,6
khoăn,6
băn,6
-19,6
ầm,6
dàng.,6
dò,6
vàng.,6
lang,6
nhắm,6
video:,6
koike,6
(cẩm,6
tray),6
(lạch,6
trường),6
(thiên,6
hoá),6
(sân,6
15/4.,6
vải,6
ngủ.,6
cả.,6
thoát.,6
49,6
gì?,6
59,6
tiên.,6
hơi.,6
hắt,6
chai,6
triền,6
hoà,6
cảnh.,6
đa.,6
75,6
daily.,6
hận,6
đổi.,6
mẹ.,6
ỏi,6
dai,6
tộc.,6
dồi,6
đợi.,6
bom.,6
xương,6
rĩ,6
mệnh,6
92,6
chúa,6
thật.,6
airlines,6
web,6
chích,6
phước,6
39,6
langston,6
21/3,6
nản,6
vặt,6
biệt.,6
giặt,6
soát.,6
spa,6
dép,6
120,6
vầy,6
tri,6
miếng,6
gỗ,6
mảnh,6
đến.,6
khứ,6
kép,6
tức.,6
răng,6
38,6
vời,6
dời,6
champions,6
hung,6
phạm.,6
siết,6
57,6
ghép,6
hecta,6
viết:,6
group,6
bán.,6
nập,6
tấp,6
rao,6
chăn,6
sars,6
daniel,6
fortuner,6
khẩu.,6
ngỏ,6
agribank,5
sian,5
welsh,5
cremona,5
(mỹ),5
phu,5
đệ,5
dybala,5
tiễn,5
địu,5
inter,5
s&p,5
châm,5
wall,5
stephanie,5
jaclyn,5
bò,5
đốm,5
sấu,5
ngách,5
flip,5
thống.,5
hở,5
luân,5
(cựu,5
30%,5
mercedes,5
bộn,5
hoay,5
loay,5
lười,5
đâu?,5
rách,5
quê.,5
8/4,5
hcm),5
207,5
hiến,5
hubble,5
khía,5
lân,5
174,5
18/3,5
pháp.,5
lặp,5
nhũng.,5
nhiễu,5
nhựa,5
tráng,5
trào,5
thoa,5
cai,5
dạo,5
mãn,5
lường,5
nới,5
đời.,5
pence,5
bổn,5
uỷ,5
vỗ,5
99,5
dội,5
240,5
nm,5
vọt.,5
chém,5
run,5
phấn,5
bái,5
spring,5
el-hawrani,5
juventus.,5
ngoan,5
mực.,5
sò,5
vitamin,5
thăng,5
thương.,5
uber,5
mây,5
ấy.,5
nhàng,5
nhiệm.,5
snapdragon,5
tác.,5
(học,5
chôn,5
hoại,5
giờ.,5
khoe,5
ao,5
nai,5
dãy,5
lời.,5
71,5
cơ.,5
thục,5
nhủ,5
đúc,5
cộ,5
mờ,5
xúc.,5
livestream,5
thánh,5
130,5
cưỡng,5
hoan,5
city,5
dối,5
19/4,5
vết,5
chảo,5
bếp.,5
hủy.,5
khói,5
phiêu,5
4.0,5
singapore.,5
for,5
gian.,5
rộn,5
chuộng,5
lăm,5
đã.,5
bia,5
núi.,5
12/2019,5
cầu.,5
virgile,5
green,5
mỏng,5
minnesota,5
12/3,5
loa,5
asian,5
đỉnh.,5
đồng),5
nạt,5
khỏi.,5
trú.,5
trên.,5
chớp,5
khôi,5
lột,5
cái.,5
ba.,5
phí.,5
hộ.,5
cột,5
%,5
có.,5
phụng,5
tĩnh.,5
giục,5
2020.,5
lạc.,5
phát.,5
kết.,5
hà.,5
abe,5
sân.,5
tiếp.,5
lui,5
đấu.,5
thạnh,5
lộc,5
nợ.,5
chép,5
zalo,5
bài.,5
thở.,5
ương.,5
type,5
ngơi.,5
mồ,5
cưới.,5
chồn,5
mùng,5
65,5
khép,5
toà,5
3h,5
u,5
esa,5
3d.,5
khổ.,5
nghỉ.,5
mày,5
ủi,5
út,5
nhốt,5
an:,5
vẻ.,5
bạc.,5
vát,5
rẽ,5
nhuốm,5
(người,5
nhựa.,5
tin:,5
(đại,5
rèm,5
hốt,5
lập.,5
hiv,5
náy,5
áy,5
kg.,5
đồng;,5
sâu.,5
tẻ,5
600,5
lễ.,5
men,5
điền,5
67,5
16/3,5
phổi.,5
luật.,5
nâu,5
sớm.,5
tiếng.,5
land,5
amur,5
50.000,5
diesel,5
dầu.,5
giảm.,5
25%,5
hành.,5
nan,5
mít,5
dừa,5
chén,5
vôi,5
mồi,5
kem,5
lọt,5
nàng,5
nhan,5
william,5
twitter,5
website,5
instagram,5
khớp,5
manh,5
vứt,5
800.000,5
2020-2021,5
tải;,5
american,5
58,5
2003,5
thaco,5
hyundai.,5
khiêm,5
camry,5
níu,5
say,5
nikkei,5
chéo.,5
độ...,5
thiem,4
nördlingen,4
baric,4
v12,4
centodieci,4
pegasus,4
sheng,4
dong-jun,4
mart,4
móc,4
zadeh,4
jazz,4
núm,4
devedjian,4
nương,4
arav,4
barrack,4
drone,4
geely,4
9s,4
ivanka,4
53,4
phật,4
tiệt,4
hươu,4
12.,4
sẻ:,4
it,4
bừa,4
min,4
fia,4
pleiku,4
km/h,4
heo,4
jenny,4
đâm,4
webb,4
soạn,4
đính,4
robotics,4
keenon,4
xoa,4
mc,4
boyd,4
skype,4
rt-pcr,4
ắc-quy,4
trơn,4
loại.,4
liều,4
bỉnh,4
nhầm,4
mi,4
đọng,4
phép.,4
16h,4
190,4
bôi,4
lin,4
14.000,4
2007,4
(một,4
diệu,4
fifa,4
calisto,4
khuông,4
tinh.,4
rùa,4
vơi,4
chua,4
hục,4
nhỉ,4
rong,4
91,4
cống,4
gục,4
hồn.,4
(nguyên,4
hỏi:,4
rocca,4
francesco,4
tanzania,4
1/3,4
khó.,4
nhậu,4
vẫy,4
7.200,4
chức.,4
ruột,4
64,4
doanh.,4
tơ,4
mui,4
lưỡng,4
quyển,4
ồn,4
rễ,4
khao,4
đóng),4
kiều,4
xách,4
lán,4
khương,4
mường,4
2013.,4
full,4
bộ.,4
sao.,4
vksnd,4
(điều,4
9.000,4
london,4
bông,4
rối.,4
tres,4
tím,4
khoá,4
đao,4
hưởng.,4
2%,4
hai.,4
mike,4
1.100,4
trùm,4
nhượng,4
cabin,4
cabin.,4
600.000,4
định:,4
luẩn,4
đơn.,4
bàn.,4
đập,4
superior,4
tọa,4
thổi,4
chủ.,4
màng,4
hang,4
andersen,4
188,4
mm.,4
tucson,4
crossover,4
speedtest,4
cước,4
chút.,4
chúng?,4
kiểu:,4
vét,4
ầm.,4
1.600,4
đó:,4
oanh,4
(quận,4
thư.,4
đại.,4
singer,4
thép,4
lệ.,4
nhổn,4
nồng,4
nắn,4
uốn,4
roi,4
ngơ,4
bè.,4
bênh,4
bóc,4
lyft,4
tật.,4
be,4
hé,4
nhịn,4
chênh,4
c.,4
512,4
đục,4
xịn,4
liền).,4
hungary,4
rốn,4
bặm,4
diện.,4
stress,4
video.,4
chắn.,4
thpt.,4
luôn.,4
giản.,4
đấy.,4
sờ,4
cùng.,4
gs,4
tạc,4
dạn,4
vợ.,4
store,4
chiếc.,4
mẽ.,4
nhs,4
hancock,4
matt,4
boris,4
ngưu,4
ince,4
náo,4
giây.,4
sơn.,4
tuệ,4
tongji,4
ngay.,4
nồi,4
ích.,4
qatar,4
everest,4
thuỵ,4
thổ.,4
jedrek,4
singh,4
future,4
geared,4
nỉ,4
rảnh,4
mềm),4
tỉnh/thành,4
múi,4
22h,4
việt),4
yoga,4
thế?,4
trudeau,4
choáng,4
đói.,4
lãm,4
codrington,4
lacy,4
bạt,4
gạt,4
golfer,4
phớt,4
nảy,4
nhóm.,4
tre,4
khê,4
ngạt,4
lữ,4
nhắc.,4
đô.,4
hatchback,4
tích.,4
100%,4
sòng,4
bằng.,4
triết,4
đạn,4
baghdad,4
hoảng.,4
thoại:,4
jones,4
big,4
diễn.,4
hức,4
háo,4
vật.,4
phế,4
huyền,4
yuriko,4
muộn.,4
203,4
huy.,4
nam),4
hđqt,4
ở.,4
trốn.,4
số.,4
?,4
lề,4
cô.,4
huynh.,4
thấy.,4
vờ,4
69,4
taxi,4
ngửa,4
dương.,4
đêm.,4
trình.,4
thẳng.,4
hả,4
tễ.,4
20h,4
tại.,4
ế,4
(mẫu,4
thô,4
nghiệt,4
thám,4
module,4
thuở,4
dại,4
yêu.,4
ráo,4
xích,4
dịch'',4
''năm,4
có:,4
nhặt,4
phàm,4
logic,4
khuynh,4
xuôi,4
bĩnh,4
vàn,4
bosnia),4
bành,4
dây'',4
''giật,4
số'',4
''xấu,4
thoạt,4
kịch.,4
400.000,4
kiến),4
(thiệt,4
damage,4
collateral,4
khốc:,4
(voice,4
voa,4
thật),4
dào,4
(tới,4
covid-19),4
nớp,4
nơm,4
''máy,4
rền,4
8giờ,4
bosnia,4
rót,4
xông,4
cảm.,4
2016,4
thiện.,4
ổn.,4
madut,4
e5,4
16.000,4
1.500-2.500,4
xem.,4
go,4
hbo,4
bóng.,4
manhattan,4
andrew,4
johns,4
viết.,4
brooklyn,4
xen,4
airways,4
hoãn.,4
thuế,4
chiêu,4
tống,4
28/3.,4
sát.,4
dõi.,4
khoảnh,4
18h,4
tóc...,4
hớt,4
mặn,4
xỏ,4
cóp,4
dặn,4
ráng,4
hiên,4
vú,4
ván,4
shell,4
phần.,4
michelle,4
37,4
xứng,4
marshall,4
mạn,4
woman,4
pretty,4
rạng,4
nứt,4
tước,4
sắt.,4
league,4
i,4
florida,4
18/1,4
hệ.,4
39.000,4
rõ.,4
bớt;,4
hợp;,4
năng;,4
học/chủ,4
lõi;,4
chọn;,4
dục.,4
công/kỹ,4
bẩm,4
bụng,4
dạ.,4
dẫn.,4
sianne,4
cừu,4
kong,4
nôn,4
innova,4
vios,4
fbi,3
middlebrook,3
thiêng,3
nện,3
djokovic,3
federer,3
tù.,3
162,3
161,3
133,3
euro.,3
cương.,3
daszak,3
sport,3
super,3
aventador,3
veneno,3
trevita,3
imola,3
huayra,3
chiron,3
divo,3
sweptail,3
rolls-royce,3
sentence14,3
sentence13,3
đóng).,3
bobber,3
s20,3
shb,3
(cùng,3
g,3
ùn,3
rafael,3
kyun,3
f0,3
louisiana,3
nhầy,3
co.op,3
quầy,3
hu,3
usd),3
(trái),3
sedghi,3
calderone,3
thangđường,3
ugo,3
diffie,3
một.,3
co-learning,3
194,3
mông.,3
mận,3
trụ.,3
colony,3
9%,3
laptop,3
demetriou,3
melania,3
hiệu.,3
paulo,3
000,3
yen,3
teams,3
860,3
ý.,3
hit,3
5%,3
nhà',3
monaco,3
6.500,3
15.000,3
văng,3
ngư,3
nén,3
prime,3
miratorg,3
co2,3
1950,3
52,3
buddha,3
jose,3
modern,3
chill,3
uv,3
(uv),3
lộ.,3
vua,3
sky,3
trắng),3
(áo,3
street,3
erie,3
flynn,3
ginsberg,3
xó,3
giơ,3
jacksonville,3
212,3
pcr,3
mẻ,3
bung,3
khang,3
112,3
arellano,3
newsflash.,3
null,3
mobile,3
eric,3
nghênh,3
mất.,3
hả?,3
casino.,3
1.228,3
23/2,3
nhát,3
nghịch,3
(hàn,3
quạt,3
babu,3
rajesh,3
108,3
alpha,3
tả.,3
sở.,3
77,3
lào.,3
2017.,3
quái,3
nhoi,3
ghê,3
hăng,3
cafe,3
bong,3
nghiệm),3
quấy,3
(hơn,3
hc,3
kẽ,3
lần),3
u23,3
khcn,3
vinuni,3
8%,3
wieler,3
mét.,3
israel,3
tom,3
connecticut,3
erik,3
thụ.,3
chăng?,3
môt,3
à,3
hì,3
bìa,3
(chai,3
rách...),3
(túi,3
loại:,3
rượi,3
ruổi,3
bón,3
lợn;,3
mau,3
tụy,3
lật,3
hại.,3
thẳm,3
cánh.,3
việt.,3
sút,3
serie,3
vũng,3
quỳ,3
(pháp),3
pgs,3
51,3
xuyên.,3
23/3.,3
chăng,3
vời.,3
son,3
tất.,3
rang,3
hỏi.,3
bỉm,3
rủ,3
hẹp,3
thấp.,3
chen,3
paraguay.,3
ngụ,3
66,3
washington,3
ý:,3
chưa?/,3
côn,3
cành,3
tí,3
đáo.,3
sườn,3
app,3
óc,3
anh),3
soi,3
bẫy,3
tóm,3
chư,3
khâu,3
bột,3
nương.,3
30/1,3
(3),3
nhật.,3
ngả,3
hôi,3
giày,3
vóc,3
marathon,3
1/2,3
155,3
tù),3
chánh,3
lục.,3
vn54.,3
bmw.,3
minh.,3
nhiệt.,3
jason,3
bond,3
hallowes,3
cell,3
colado,3
sư.,3
3.500,3
vn30,3
vn-index,3
lavie,3
modi,3
ai.,3
nước;,3
bệnh;,3
dodge,3
grace,3
sợi,3
vào.,3
đếm,3
gác.,3
chảy.,3
chuyển.,3
rung,3
bợ,3
ông.,3
dày.,3
240.000,3
300.000,3
cầy,3
duệ,3
(mers),3
(sars),3
nm.,3
trượt,3
68,3
khuẩn.,3
vậy?,3
dịch:,3
vơ,3
toang,3
đúng.,3
tưởng.,3
hương.,3
thắp,3
850,3
laren,3
powis,3
stephen,3
ảm,3
mậu,3
giao.,3
metro,3
allegri,3
szczesny,3
cristiano,3
liêm,3
doạ,3
chì,3
khéo,3
ngoãn,3
lầm.,3
xử.,3
hàu,3
nho,3
co,3
khái,3
đói,3
francisco,3
:,3
rộng.,3
neutron,3
x-ray,3
xoay,3
tủi,3
thông.,3
m10,3
phonearena,3
microsd,3
hd+,3
oằn,3
...,3
lòng:,3
bẩm...,3
lẩm,3
bàu,3
làu,3
yêu...,3
nua,3
bay...,3
toa),3
võng,3
(72,3
nước:,3
quá.,3
bực,3
hải.,3
ảnh.,3
(2010),3
nhân:,3
hái,3
mắm,3
đặng,3
cẩu,3
đầm,3
14/3,3
1a,3
'cách,3
21/3.,3
(từ,3
19/3.,3
4.000,3
khuân,3
đồng/tháng.,3
lộn.,3
bà.,3
lợi.,3
ti,3
toilet,3
vịn,3
sạch.,3
dưa,3
buông,3
xưa.,3
nhiếp,3
bkav,3
7/4,3
beach,3
container,3
24/3.,3
25/3.,3
tulsa,3
táng.,3
cữu,3
(nhs),3
dán,3
gần.,3
hay:,3
uefa,3
paul,3
22.000,3
mang.,3
29/3.,3
khơi,3
nghệ.,3
tươm,3
kathmandu,3
virginia,3
harvard,3
lux,3
ngoặt,3
steyr.,3
magna,3
sửng,3
năn,3
dưng,3
eff,3
facebook',3
'đăng,3
motherboard,3
analytics,3
walshe,3
walshe.,3
pat,3
vice,3
mạng...,3
nước...,3
mãi.,3
nhé,3
nghĩ.,3
lâu?,3
lim,3
(khoảng,3
(trung,3
2.500,3
lăn,3
túi.,3
sợ.,3
gofundme,3
dewindt,3
'tôi,3
khốc,3
lát,3
đỡ.,3
đủ.,3
greenfield,3
phoenix,3
tra.,3
tựu,3
pga,3
lương.,3
lờ.,3
mải,3
lượng.,3
(được,3
1.,3
nhà;,3
21.000,3
lạng,3
(trong,3
gốm,3
cansever,3
turgut,3
3/2,3
7/3.,3
rẻ.,3
thủ.,3
khúc.,3
ốp,3
mitsubishi,3
399,3
thời.,3
rio,3
gò,3
350,3
cũ.,3
mắc.,3
6658,3
bịu,3
mark,3
xói,3
rét,3
(who).,3
ạ.,3
khôn,3
phẳng,3
lắc,3
cố.,3
ẩn.,3
iraq,3
dần.,3
nấp,3
i/2020,3
album,3
osaka,3
who.,3
đình).,3
pvf),3
phả).,3
đẫy).,3
phả),3
pvf,3
đẫy,3
tray,3
lạch,3
chức:,3
(bảy,3
1/5,3
đối.,3
(vpf),3
tdtt.,3
lẩn,3
gã,3
250,3
(huyện,3
giúp.,3
lớp.,3
thạo,3
xé,3
xinh,3
mic,3
204.,3
74,3
báu,3
1.200,3
ái,3
vành,3
nhức,3
cởi,3
ơn.,3
bồn,3
miên,3
cắm,3
8h,3
trùng.,3
tràng,3
đạc,3
xâu,3
dậy.,3
biển.,3
phiphat,3
180,3
75%,3
hỗn,3
geopolymer,3
hỏa.,3
(nasa),3
tột,3
dằn,3
cắn,3
>>,3
người/,3
chuyến.,3
1999.,3
nát.,3
vị.,3
máu.,3
địch.,3
đường...,3
america).,3
ỏi.,3
trộn.,3
gần!''.,3
tủy.,3
nato.,3
lường.,3
choàng,3
đoán.,3
loan.,3
hẫng.,3
am,3
21-23,3
reporter,3
rạp.,3
inception,3
avatar,3
endgame,3
avengers:,3
variety,3
biễn,3
450,3
air,3
thác.,3
nẵng.,3
tokyo.,3
reuters.,3
bach,3
tam,3
túy,3
ditcham,3
chứng.,3
pasteur,3
1/4.,3
london.,3
nhọc,3
jane,3
thuỷ,3
lồ.,3
south,3
bắt.,3
đen.,3
nạn.,3
leopard,3
thắn,3
chuyện.,3
mèo.,3
chè,3
hôn.,3
rắn,3
vỉa,3
bida,3
khờ,3
dang,3
140,3
sập,3
lội,3
trí.,3
an.,3
nề.,3
mỏ,3
saudi,3
mặt.,3
oscar,3
dạ,3
47,3
hill,3
my,3
rạn,3
thức.,3
ligue,3
copa,3
psg,3
tite,3
thi.,3
nạp,3
hiếp,3
lặp.,3
dạy.,3
tế),3
mổ,3
2-4,3
ngào,3
17.000,3
110,3
19.000,3
20.000,3
chọn:,3
60%.,3
3/2020,3
phốc,3
cỗ,3
honda.,3
peugeot),3
(kia,3
66.470,3
69.916,3
533,3
hiace,3
78.795,3
altis.,3
showroom,3
ơ,3
ngập,3
đắm,3
bời,3
reuters,3
bloomberg,3
nhất;,3
họ;,3
mẫu.,3
suốt.,3
ở,3
6%,2
68%,2
magic,2
đền.,2
(cấp,2
sentence16,2
sentence15,2
nadal.,2
dominic,2
sentence12,2
roland,2
sentence11,2
slam.,2
sentence10,2
sentence9,2
novak,2
sentence8,2
sentence7,2
sentence6,2
sentence5,2
sentence4,2
sentence3,2
sentence2,2
sentence1,2
agribank.,2
331,2
vks,2
12-20,2
163.,2
phitsanulok,2
dát,2
suevie,2
quạ,2
svj,2
300+,2
ccxr,2
9/2019,2
pagani,2
ca-pô,2
km/h.,2
2004,2
exelero,2
bugatti.,2
thâu,2
lab,2
citizen,2
miu,2
trẻo,2
châu.,2
sông.,2
lặn.,2
6-10,2
independent.,2
time,2
dươngđang,2
supreme,2
s10,2
bidv,2
heist,2
money,2
seoul,2
900.000,2
intrernet,2
bản;,2
ngâm,2
thìa,2
kẹo,2
cx-5,2
l,2
(tải,2
lách,2
ớt,2
phai,2
asean,2
125,2
4/3,2
đảm.,2
thành:,2
28.000,2
lên),2
winks,2
hoạt.,2
regal,2
khô.,2
jama.,2
10/2.,2
25/1,2
ngoáy,2
luo,2
chao,2
dung.,2
nhằn,2
ấu,2
market,2
mega,2
(tây,2
lotte,2
thụy,2
ali,2
won,2
hari,2
(phải),2
(giữa),2
phất,2
phảng,2
yu,2
fang,2
81.000,2
nhai,2
hoi,2
31/1,2
cấp.bác,2
cấpbác,2
ngủi,2
rubiolo,2
rome,2
thangmột,2
khuya,2
“the,2
(tp,2
thangngười,2
virus),2
tanaka,2
sưởi,2
hóc,2
card,2
7-8,2
.hiện,2
kiệm:,2
daegu,2
chẽ.,2
chọi,2
george,2
30/4,2
kane,2
cám,2
shan,2
búp,2
văn).,2
sủng,2
to”,2
“một,2
sum,2
sum.,2
bạ.,2
quế,2
duệ.,2
gạo.,2
cam.,2
vạt,2
maryland,2
baltimore,2
kriss,2
gerard,2
ion,2
noel,2
rỡ.,2
nahum,2
gamma,2
hất,2
chửng,2
nuốt,2
quasar,2
gamma.,2
đúc.,2
domino,2
capital,2
ngòi,2
luận:,2
250.000,2
liveshow,2
_,2
51%,2
bịp,2
ly',2
192,2
meeting,2
(hệ,2
(dựa,2
(cdc),2
vùi,2
cài,2
xép,2
cưng,2
cún,2
síp,2
365,2
xám,2
5.020,2
18w,2
720g,2
fed,2
weibo,2
karen,2
pastorello,2
thoi,2
sửu,2
(tên,2
thét,2
university,2
angelo,2
rồi'.,2
thiếu.,2
800w,2
sóng.,2
ha,2
trust,2
wildlife,2
sheldrick,2
ranger,2
transit,2
tourneo,2
ecosport,2
vỡ.,2
securities,2
wedbush,2
brad,2
chuyền,2
nickname,2
vực.,2
vác,2
review,2
platform,2
ryder,2
guy,2
3.400,2
oliver,2
11/3,2
undp,2
27%,2
hủi,2
(+84),2
'không,2
165,2
chải,2
t’nưng,2
se,2
tát,2
(có,2
chersky,2
carbon,2
(tổ,2
roadsmart,2
iam,2
breton,2
smick,2
thắt,2
lợn.,2
sưu,2
dominica,2
1958,2
caribbe,2
polanco,2
(bình,2
tre),2
não,2
stranding,2
death,2
chước,2
kén,2
'kén',2
ngoạn,2
nhộn,2
ngộ,2
nuối,2
dè,2
gao,2
kiếm.,2
ryan,2
láng,2
206,2
124,2
old,2
blues,2
ngạo,2
kiêu,2
lể,2
con...,2
cợt,2
sã,2
suồng,2
hagiwara,2
sakutarō,2
handy,2
40.000,2
80.838,2
91.710,2
79.568,2
24/7/2019,2
1/4-15/4,2
nuông,2
mẫu...,2
sĩ...,2
uyên,2
rưng,2
sữa.,2
lip,2
xỉ,2
xấp,2
composite,2
nasdaq,2
ken.,2
sốt.,2
43.000,2
873.000,2
cược,2
barcelona,2
(ume),2
3.865,2
5%.,2
11%,2
864,2
7.719,2
tiêu.,2
23/1,2
nina,2
phán.,2
realtime,2
hẻm,2
hiu.,2
đác,2
đào.,2
mượt,2
muối,2
axit,2
khuyên.,2
appgallery,2
drive,2
10%.,2
nguyen,2
lỡ,2
muỗi,2
huyết.,2
xóm.,2
tỉnh;,2
24/24,2
phố;,2
tnhh,2
11.,2
thuẫn.,2
1-2,2
dâu,2
saku,2
rìa,2
megapixel.,2
z,2
tấn',2
thiêu,2
chọc,2
vu,2
xao,2
114,2
229,2
219,2
đồng?,2
230.000,2
giá’,2
‘định,2
(chưa,2
marketing...,2
151,2
lu,2
mặc.,2
thon,2
wechat,2
14/4,2
barie,2
nghịt,2
1998,2
riedl,2
cận.,2
philippines,2
fifa.,2
2008.,2
đế,2
107,2
loạt.,2
hđxx,2
cay,2
đắng,2
tạo),2
biểu:,2
sĩ),2
(đối,2
ntu.,2
vingroup.,2
nanyang,2
đh,2
spahn,2
541,2
noi,2
ducey,2
arizona,2
clark,2
grisham,2
newtown,2
lamont,2
corona.,2
hấp.,2
dilanni,2
s-class,2
8.,2
priority,2
hãng.,2
nàn,2
phàn,2
mỹ:,2
đích.,2
cacton...).,2
hứng.,2
mùi.,2
xã.,2
đốt.,2
nilon...,2
ruộng.,2
download,2
logo,2
vaccine.,2
mấu,2
hỏng.,2
dưỡng.,2
cuba,2
tỵ,2
ganh,2
toan,2
nọ,2
huống.,2
phạt.,2
rouhani,2
hassan,2
tehran,2
(ở,2
túy.,2
trưởng.,2
rt-pcr),2
mạnh:,2
milan,2
herschel,2
1270 để,2
số 09,2
nhé.,2
cạnh.,2
xót,2
ửng,2
ưng.,2
bạn!,2
rình,2
linh.,2
truyện,2
nhẹt.,2
12.000,2
hoa.,2
giáng,2
(3,2
130.000,2
gọi.,2
trớ,2
il,2
luận;,2
like,2
hcm',2
'phong,2
9.,2
mừng.,2
bang.,2
lang.,2
thiết?,2
yếu’,2
‘thiết,2
gặt,2
tét,2
h're,2
10-13,2
cm,2
chằm,2
bannister,2
colin,2
3d,2
audi,2
crôm,2
hậu.,2
hông,2
genesis,2
vấn.,2
meetings),2
(gọi,2
4.6.9,2
blog,2
trận.,2
chính:,2
ấu.,2
lạnh.,2
morphew,2
nsnd,2
phim.,2
đầy.,2
khải,2
9/3,2
địa.,2
đinh,2
thung,2
chợp,2
lù,2
gẫu,2
km),2
6h30,2
sapa,2
hcmc,2
sải,2
4h30,2
đặn,2
nguyệt,2
m...,2
tong,2
30-300,2
196.,2
174.,2
nhục,2
288,2
295.,2
20-100,2
295,2
50-200,2
sơ.,2
email.,2
top50,2
ireland.,2
bố.,2
đạo.,2
nhiên.,2
nghĩa.,2
three,2
zero,2
(còn,2
yucatan,2
pizza,2
cúm.,2
nấm,2
sử.,2
x7,2
bavaria,2
trưng.,2
bim,2
transporter,2
750li,2
statham,2
vấp,2
eu,2
tụt,2
nghiện,2
broadcast,2
javier,2
bệnh...,2
hội...cũng,2
lễ...không,2
tay...theo,2
chức...,2
dich,2
3%.,2
3-4,2
chiều.,2
702,2
hát.,2
lấn,2
bén,2
1985,2
sóc.,2
ừ,2
khùng,2
bhutan,2
narendra,2
lứa,2
cong,2
ngặt.,2
bàn...,2
vào;,2
;,2
bưu,2
đảm...);,2
(như,2
dựng;,2
xuất;,2
trang;,2
khác;,2
29/3:,2
(slna),2
khiếu,2
păk,2
krông,2
online.,2
blasio,2
bill,2
richard,2
92.472,2
oslo,2
tedros,2
nha.,2
jackson,2
vicki,2
st.,2
lộng,2
khiếp.,2
than.,2
propane,2
3.700,2
21h30,2
16/6/1961.,2
đăng.,2
trói,2
gào,2
mòng,2
rock.,2
1956,2
1936,2
wilks,2
louis,2
hộp.,2
1913,2
rìu,2
thừng,2
nghiệt.,2
1882.,2
bão.,2
61%,2
1879,2
1878,2
xây.,2
vãn,2
phiến,2
vắt.,2
1835.,2
đày,2
ontario,2
99%,2
tê.,2
nature,2
sydney,2
ian,2
mác,2
trội,2
la-zăng,2
led,2
senova,2
turbo,2
mb/giây).,2
(136,2
mb/giây),2
(203,2
ookla,2
vnix,2
telecom,2
triệt,2
chậm.,2
rẩy,2
nhẹm,2
được...,2
nộ,2
phẫn,2
giới?,2
ly?,2
mình?,2
toả.,2
t18,2
biết?,2
sau?,2
dịch?,2
phịu,2
thị?,2
7/3/2020,2
tớ,2
(vì,2
né,2
liếc,2
lằn,2
bút,2
thiếu”?,2
“thừa,2
cực;,2
rằm,2
khuất,2
giữ;,2
1.300,2
1890.,2
1880,2
1890),2
(1853,2
vincent,2
snow,2
under,2
vicarage,2
gỗ.,2
lan),2
1884,2
soul,2
mirror,2
họa.,2
cbs,2
jenrick,2
ray,2
chạy.,2
(dự,2
reo,2
uất,2
vung,2
valencia,2
dọa.,2
11/2018.,2
2015.,2
phòng),2
(quê,2
sai.,2
la.,2
rầy,2
léo.,2
bố/mẹ,2
gượng,2
sệt,2
cua,2
nhạc.,2
thần.,2
bắp,2
nhún,2
duỗi,2
khốn,2
bấp,2
ty.,2
miêu,2
chất.,2
magellan,2
monash,2
max,2
mốt,2
thòi,2
vả.,2
này?,2
nghẹt,2
bóp,2
(cũng,2
biêt,2
tím.,2
uae,2
usb,2
15w,2
2.0.,2
oneui,2
5mm,2
a20s,2
viền,2
pixel),2
720,2
(1.560,2
o,2
infinity,2
2d.,2
focus,2
live,2
(f/2.0),2
đòi.,2
gòn.,2
tây.,2
sành,2
yuanta,2
8.500,2
hose,2
ròng.,2
2011.,2
1987,2
sàn.,2
nhâm,2
xuyến,2
nuôi.,2
30/4.,2
lão,2
7.,2
huyện.,2
dỡ,2
barie.,2
long;,2
thu.,2
league.,2
19h,2
lô,2
11h,2
(25,2
2/3.,2
chuẩn.,2
noel.,2
12m2,2
xịch,2
2km,2
tay:,2
ùa,2
rầu,2
-1,2
mướn.,2
dạo.,2
cười:,2
(46,2
ngờ.,2
cô?,2
ritonavir,2
lopinavir,2
gs.ts,2
thảnh,2
tập.,2
vắng.,2
ràng.,2
lặng.,2
phông,2
xoá,2
macro,2
quay.,2
fanpage,2
morgan,2
20/3.,2
miami,2
birmingham,2
hopkins,2
viếng.,2
liệm,2
tẩm,2
michael,2
lệnh.,2
dorries,2
nadine,2
downing.,2
(phường,2
là...,2
phở,2
bún,2
7h,2
vòng.,2
5/3,2
độc.,2
hội;,2
tạo;,2
3/5.,2
135.000,2
fudan,2
865,2
zhouping,2
chèn,2
mỏi.,2
indonesia,2
18.000,2
lanka,2
sri,2
kuan,2
lukla,2
3/4.,2
vostriakova,2
rts,2
sử...,2
channel,2
mô.,2
mấp,2
robot.,2
ráp.,2
224,2
ngợp.,2
bại.,2
pininfarina,2
dụng...,2
quệ,2
cấm?,2
cãi.,2
karaoke.,2
nhà'.,2
'tra,2
bướm,2
kén.,2
orben,2
ba:,2
hoảng:,2
thiền,2
tranh.,2
bị.,2
gẫu.,2
afghanistan,2
thôi.,2
phức.,2
khoai,2
ư?,2
quá;,2
vụn,2
kitty,2
giường.,2
hác,2
hốc,2
vớ,2
dim,2
nghiệp:,2
0%,2
thể:,2
đồng).,2
),2
36.000,2
usd).,2
37.800,2
785.000,2
giá.,2
tem,2
ernst,2
rotaru,2
raven,2
còn.,2
hết.,2
séc,2
pasaye,2
bấy,2
theusch,2
scott,2
council,2
met,2
lauderdale,2
fort,2
dallas,2
nytimes.,2
crossroads,2
dallas.,2
ập,2
đa),2
awards,2
hills,2
owgr,2
european,2
luke,2
(tương,2
(thuộc,2
vùng.,2
bệch,2
hoạn,2
sau:,2
knows),2
she,2
gia hoạt,2
trẻ làm,2
dấn,2
hòa đồng,2
rè,2
rụt,2
kiêu.,2
ảnh: istock.,2
chay,2
con kêu,2
hiểu cách,2
con về,2
trẻ có,2
trật,2
rằng quy,2
chủ).,2
(hoạt,2
lớn),2
121,2
trung;,2
có nhiều,2
1%,2
753,2
7.300,2
33.000,2
(nền,2
(không,2
xanh.,2
maldives.,2
reethi,2
manafaru.,2
ja,2
kodhipparu,2
solih,2
mohamed,2
ibrahim,2
tì,2
xác.,2
option,2
hơn;,2
lùi.,2
tuý,2
khóa thông,2
thứ.,2
390,2
cốp,2
típ,2
(fda),2
news,2
nbc,2
10/2019.,2
zuckerberg,2
29/2.,2
giuliani,2
rudy,2
bolsonara,2
kiện...,2
jair,2
ông cho,2
rong.,2
ông bolsonaro nói,2
crunch,2
tech,2
do.,2
vén,2
vun,2
lông,2
:tôi,2
dối.,2
năm),2
rẽ.,2
khoét,2
nạ,2
baghdad.,2
quây,2
yuzbaki:,2
đứt,2
ì.,2
iraq.,2
nhẵng,2
lẵng,2
nức,2
lo.,2
líu,2
ngóng,2
chốn,2
272,2
chùng,2
toronto,2
khoản:,2
cụi,2
cặm,2
myriam,2
2014.,2
thực.,2
1.980,2
bích,2
trêu,2
g-dragon,2
lồng,2
đôi.,2
biếc,2
ngạn,2
youtube.,2
bày:,2
blue,2
rinnie,2
nở.,2
biếc',2
'mắt,2
nhk),2
38.000,2
afp.,2
yoshimura,2
443,2
võ,2
wifi,2
gay,2
quăng,2
trì.,2
file,2
giữa),2
vở,2
trắc,2
46,2
149,2
quản.,2
ecmo.,2
lymphoma;,2
đái,2
đình;,2
9h,2
40-50,2
ml,2
chặt.,2
rã,2
trưa.,2
ướt,2
vn54,2
bạch.,2
blouse,2
giấy.,2
news.,2
patong,2
wisanjit,2
narathiwat,2
tăng.,2
90%,2
ratchakitprakarn,2
quyết.,2
79-1,2
geopolymer.,2
n),2
naphtalene,2
u),2
ostprint,2
tiểu.,2
cartagena,2
pamies,2
ramón,2
composit,2
thải),2
(lấy,2
cứ.,2
(esa),2
đệm,2
dột,2
nghiến,2
đay,2
rứt,2
niu,2
đốn,2
vò,2
mích.,2
giấy),2
(chiều,2
103,2
bus,2
5-10,2
chờ.,2
27/2,2
chọn.,2
trót,2
gan,2
sài.,2
thẫn,2
ron92,2
10.051,2
13.035,2
11.846,2
16.812,2
16.056,2
1.353-1.830,2
2.290-2.315,2
3.500-4.500,2
thùng.,2
15/3.,2
(29/3).,2
hopkins.,2
bhc,2
(fema),2
york.,2
đan,2
vietjet,2
vietnam,2
chẵn,2
ii.,2
oregon,2
bbc,2
nhái,2
lậu,2
services,2
united,2
131,2
18/3.,2
được nhân,2
daily,2
tục.,2
covid-19:,2
3.000,2
giữ.,2
wales,2
(bang,2
bali,2
gấu,2
(panthera,2
sung.,2
rakov,2
bardyuk,2
victor,2
chóng.,2
pdam,2
usd/lít.,2
usd/lít,2
nghe.,2
anh không,2
(sd/hd/uhd),2
ultrahd.,2
sd,2
hàng dịch,2
loại từng,2
thinh,2
ky,2
lún,2
mướn,2
quýt,2
chuối,2
bưởi,2
quẹt,2
loẹt,2
nguyên:,2
lớn:,2
ơi’,2
hải:,2
bảo:,2
củi,2
bệt,2
khmer,2
neo,2
khoản.,2
ben,2
general,2
bước.,2
khoáng,2
kiệt.,2
vay.,2
cật,2
2002,2
xuề,2
váy,2
jennifer,2
instyle,2
cát-xê,2
best,2
garry,2
sussexroyal,2
elizabeth,2
mại.,2
(ban,2
tàu.,2
thầu.,2
ngành.,2
huệ,2
america,2
(sau,2
khoác,2
france,2
10-20,2
cắp.,2
state,2
điếu,2
gien,2
triển.,2
trống.,2
pensacola,2
dâm,2
cung.,2
(kể,2
nhi.,2
x-quang,2
sinh...,2
trùng...,2
nhủ:,2
janye,2
sarah,2
victoria,2
terrier,2
staffordshire,2
tu,2
sun,2
đát,2
70%.,2
lượt.,2
dựng.,2
desmecht,2
steven,2
mửa,2
lexus,2
ngốc,2
ngu,2
nghẹn,2
dẫm,2
nhấm,2
gặm,2
bẩy,2
hon,2
dịch'.,2
'dùng,2
thút,1
8%.,1
21%,1
16%,1
4%,1
2%.,1
72%.,1
54%).,1
55%,1
moneyball.,1
thor,1
iron,1
hanna,1
nick,1
lakers.,1
vốn.,1
fbi.,1
prevention,1
quantum,1
8.000,1
khamenei,1
ayatollah,1
sharif,1
eslami,1
afruz,1
arab,1
shiite,1
qom,1
qom.,1
masumeh,1
fatima,1
mashhad,1
reza,1
imam,1
241;,1
phước...,1
đò,1
phà,1
huyện),1
1k,1
22),1
(quốc,1
giàu),1
(đường,1
giây),1
(cao,1
tại:,1
phố),1
17h.,1
bình),1
7).,1
4-7,1
lối.,1
15h30.,1
đức),1
ôtô.,1
ứ,1
nóng.,1
trạm.,1
chiếc),1
rạch,1
(đội,1
xe...,1
slovakia.,1
vajda,1
marian,1
sentence19,1
banh,1
sentence18,1
sentence17,1
garros,1
garros.,1
roger,1
tsitsipas,1
zverev,1
đổ.,1
head,1
tennis,1
three',1
'big,1
vế,1
lép,1
next-gen,1
3/5/2019,1
8-25,1
11/2015,1
127,1
cường.,1
gán,1
221,1
5/2008,1
(12/4/2008),1
tỷ.,1
viên),1
(ủy,1
tịch),1
(chủ,1
chấp.,1
photo,1
4/2008,1
628,1
chánh.,1
qsdđ),1
(gồm,1
phát),1
tm,1
cpxd,1
blhs,1
(61,1
cử.,1
10-25/3,1
161.,1
163,1
322,1
11-19/3.,1
đới.,1
ngồi.,1
'phòng,1
20h30.,1
14h,1
stuttgart,1
augsburg,1
munich,1
lửa.,1
nördlingen.,1
planet.,1
lonely,1
cafe-bunch.de,1
fontana,1
radlos,1
café,1
stadtmuseum.,1
ries,1
carat.,1
chiêm,1
2mm,1
1960,1
tỉ,1
898.,1
suevie.,1
25km/s,1
smithsonian,1
72.000,1
grimm,1
biến;,1
alliance.,1
ecohealth,1
peter,1
vịt,1
biorxiv,1
nhĩ,1
institut,1
friedrich-loeffler,1
baric.,1
súc.,1
dê,1
trâu,1
khóa.,1
bào.,1
bỉ.,1
trỗi,1
duke,1
lin-fa,1
ấp,1
chapel,1
carolina,1
ralph,1
812,1
v.,1
hybrid,1
445,1
car,1
record,1
veyron,1
ehra-lessien.,1
490,1
0-100,1
609,1
740,1
cứng.,1
2014-2015,1
ccx,1
1.080,1
1.004,1
v8,1
koenigsegg,1
roadster.,1
bc,1
827,1
amg.,1
6.0,1
chiron.,1
goodyear,1
fulda,1
1.020,1
690,1
maybach,1
exlero,1
mercedes-maybach,1
eb110,1
pebble,1
d'este,1
villa,1
d'eleganza,1
concorso,1
w16,1
8.0,1
atlantic,1
sc,1
thuế),1
(18,1
noire,1
voatio,1
cớ,1
câu.,1
ôsin,1
cằn,1
nhầm.,1
bế,1
650.000,1
micro,1
tap,1
room,1
gps.,1
symbian.,1
blackberry,1
partners,1
arabia.,1
rò,1
(israel),1
herzliya,1
ngoan.,1
railton,1
đồ.,1
(gdpr),1
đắc,1
le:,1
trungdung,1
gogo,1
ebu,1
(chứ,1
buồng:,1
tính',1
'sử,1
miệng.,1
khuỷu,1
ngứa,1
lờ,1
chit,1
trạng.,1
cười.,1
bươn,1
côi,1
trần).,1
(tuấn,1
web-drama,1
50km,1
2018.,1
xum,1
cỏi,1
như.,1
puka,1
sitcom,1
2010.,1
midu,1
nhã,1
(miu,1
july,1
trắng.,1
đều.,1
lúa.,1
nhú,1
(thanh,1
du.,1
(đức,1
đấm,1
nhoáng.,1
(bùi,1
khoáng.,1
phới,1
(nhật,1
khanh,1
nhí,1
sheng.,1
1.580,1
220,1
3.300,1
gọn.,1
wenjun,1
thuyên,1
34.000,1
700.000,1
hoăc,1
ớt…,1
tỏi,1
200-300,1
đồng/kg,1
gì”,1
“chọn,1
100-150,1
thợ.,1
(30,1
thấy”,1
“vẹm,1
hàu…,1
ngao,1
vụng,1
vẹm.,1
nham,1
cọc.,1
cạy,1
ngậm,1
hóalựa,1
huých,1
đáng.,1
thắng.,1
thắng.liverpool,1
cup-style,1
anhban,1
trà.,1
real-time,1
(rt-pcr,1
37.000,1
https://vnexpress.net/doi-song/nhung-chu-tro-hao-phong-trong-dai-dich-4075817.htm,1
300.,1
2/2019,1
editon,1
inch.,1
kênh.,1
lcd,1
vòng/phút.,1
vòng/phút,1
tua,1
xi-lanh,1
xóc,1
h2c.,1
edition,1
lanrebel,1
economic,1
hàng....,1
300-450,1
vietcombank,1
bệnh),1
(kế,1
(25%),1
10-25%,1
(hdbank),1
10-30%,1
(shb),1
pina,1
álex,1
v.v,1
diego,1
hawaii,1
busan,1
(hồng,1
huy),1
(gia,1
thanh),1
(lãnh,1
trưc,1
đi',1
'thưa,1
hwang,1
melissa,1
4/5,1
1.114,1
lễ..,1
xơi,1
nishino,1
akira,1
đồng',1
'lương,1
diện:,1
(32,1
1.400;,1
74.000,1
ncovi,1
ncovi.vn,1
miệng;,1
việc;,1
4/4:,1
não..,1
ôi,1
lén,1
2-18,1
unesco,1
thể..,1
hùng;,1
lịch),1
(10/3,1
94%,1
mililit,1
36.788,1
797,1
xe),1
(1.228,1
937,1
vama,1
x-trail,1
nissan,1
30-40,1
quáng,1
em?,1
nhói,1
aag,1
fast,1
vnpt,1
upload,1
xuống),1
m),1
(nếu,1
bân,1
đu,1
miên.,1
hùng''.,1
''thời,1
junaci'',1
poznaju,1
muci,1
''na,1
vây,1
bủa,1
tiếc.,1
liệt.,1
máu'',1
''chảy,1
phiếu.,1
lượm,1
nam?,1
gớm!).,1
(''chơi'',1
1-2%,1
phiếu),1
(riêng,1
dột',1
''dại,1
nhảy...,1
thi...,1
vở:,1
1985.,1
hẩm,1
cover,1
chực,1
(1985-2020),1
peace,1
rest,1
tựa:,1
dân....,1
(1,1
(185.500,1
motegi,1
toshimitsu,1
4.600,1
10-27/3.,1
270,1
441,1
106,1
236,1
96,1
181,1
253,1
321,1
225,1
616,1
1.030,1
1.160,1
2.390,1
308,1
2.610,1
1-1,1
1-3,1
đội),1
thỏm,1
dương),1
hagl...,1
6/3.,1
21/2,1
mệt.,1
húp,1
360,1
viện...,1
ly...,1
dối...,1
nhược,1
'chắc,1
pôn,1
amazing,1
nhẹ.,1
phải.,1
coca,1
2/2/2020,1
amazon.,1
andes,1
rậm,1
ecuador.,1
landsat,1
19.722,1
ph,1
buxton,1
nhiếm,1
indonesia.,1
brio,1
hr-v,1
civic,1
accord,1
city.,1
môtô,1
môtô.,1
prachinburi,1
ayutthaya,1
(cbu),1
hyundai).,1
(lắp,1
nhác,1
kỷ.,1
tiết.,1
bẫm,1
bụ,1
vía,1
dụm,1
vác.,1
đẹp.,1
trố,1
luno,1
bác.,1
bồng,1
sinh:,1
chunlong,1
jian,1
balo,1
không”.,1
“được,1
all”,1
takes,1
winner,1
abba:,1
(viasm),1
cuộc”,1
“người,1
quốc…,1
hợp...,1
lúc.,1
learning).,1
(machine,1
alphabet,1
yoram,1
jack,1
liệu”,1
data).,1
(big,1
vật).,1
vạn,1
(internet,1
quyền…),1
g20,1
g7,1
ra?,1
g20?,1
g7?,1
ai?,1
bần,1
á-thái,1
tú...,1
dịch.hy,1
trao.,1
614.800,1
fior,1
biệt',1
'đặc,1
12/4.,1
24h,1
1.499,1
nagy,1
lọt.,1
29-30/3.,1
viện;,1
nội-tối,1
utd.,1
squat,1
bái.,1
ngủ),1
(vân,1
174/2013,1
bái-cô,1
722.000,1
(lcms),1
(lms);,1
10/5,1
gras,1
mardi,1
2.329,1
này).,1
claudia,1
quarter.,1
french,1
rãnh,1
cantrell,1
latoya,1
bourbon,1
marsala,1
tồn.,1
mỹ-các,1
hoành',1
'tung,1
himalaya,1
kathmandu.,1
dừng.,1
xếp.,1
ntb,1
913,1
1.255,1
(ntb),1
covdi-19,1
18/1.,1
ẩm.,1
quốc-cụm,1
mua.,1
xã),1
(là,1
chợ.,1
bánh...,1
cháo,1
15/4/2020.,1
15/ct-ttg,1
mình!,1
tay.em,1
đẽ,1
kia.trong,1
xưa.em,1
quật,1
không.trẻ,1
rờ,1
trời.giúi,1
.thói,1
hai!,1
nhao:,1
nhao,1
tượng.khi,1
cõi,1
mài,1
đời.sách,1
hugo..,1
malot,1
hector,1
rương,1
mò,1
mẩn,1
mách,1
tăng.bà,1
kiếp,1
ghềnh,1
gam,1
cướp..,1
alibaba,1
aladin,1
dặm..,1
hia,1
sanh,1
hơn.ba,1
ngời,1
sưa,1
thơbao,1
hộp...).,1
(mỳ,1
vinmart,1
hcm.tương,1
200%,1
hotline,1
tin.bigc,1
thành.song,1
vincommerce,1
masan,1
hn,1
offline,1
vineco,1
meat,1
trống.masan,1
20-40%,1
thường.bà,1
lottemart,1
nội.tại,1
coopmart,1
hàng.bà,1
saigon,1
minh.với,1
minh.nhân,1
thành.nhân,1
ly.kịch,1
50-100%,1
30-40%,1
đồng.theo,1
174.000,1
60-90,1
300-500%,1
anh.trong,1
anh.các,1
định.các,1
thoáng.,1
chiến..,1
trữ.ngoài,1
thường.khi,1
tinh.bộ,1
thương),1
hội'các,1
trắng...ghi,1
cào..,1
chi.mai,1
chi.diễn,1
chung.nhiều,1
khí),1
(nguyễn,1
con',1
.'ngủ,1
quang..,1
châu.các,1
châu.diễn,1
.diễn,1
gầy,1
như..,1
thefacebook.nghệ,1
facebook.lễ,1
phổi.lễ,1
châu..,1
hcmvợ,1
phươngtp,1
tianhong,1
nha.cô,1
yanfang,1
.hu,1
reuters.người,1
tỏa.người,1
.cư,1
kệ.một,1
rữa,1
thối,1
ncov.khu,1
hưởng.những,1
tỏamột,1
ngày.cách,1
.sáng,1
nói.theo,1
bàn.vừa,1
người),1
nói.văn,1
lơi,1
động;,1
trên),1
(so,1
vgplãnh,1
vgpbộ,1
nói.bộ,1
.theo,1
dân.giải,1
.chiều,1
nước'chính,1
lớn.rõ,1
vắt,1
2001-2002,1
5/2000,1
10/1999,1
ngoặc,1
hơn.trong,1
lùi..,1
thủ.hủy,1
vòng.ngay,1
có.vì,1
sao.ngay,1
nữa.ở,1
tết),1
đồng.các,1
đồng.công,1
giải.công,1
lựa:,1
bướcdự,1
sâu.john,1
luther.hầu,1
luther.thẩm,1
sư.thẩm,1
nặng.trong,1
.không,1
nhất.nina,1
ngày.nhưng,1
tuyến.theo,1
tuyến.chỉ,1
covid-19.nhờ,1
thường.jaclyn,1
án.nhiều,1
covid-19.lần,1
covid-19tòa,1
năm.đến,1
mới.năm,1
rõ.thời,1
lặp.căn,1
viên.các,1
nhà.môn,1
dịch.thí,1
2.một,1
thành.bộ,1
thành.học,1
đề.học,1
dục.bộ,1
nhà...theo,1
họcchín,1
nhé!,1
cấptrên,1
đây.bác,1
máu..,1
monitor,1
10.000m2,1
lại.bệnh,1
8/3.đến,1
cháy;,1
bệnh.hiện,1
tức..,1
đét,1
vip,1
cấpcuộc,1
chắn.bức,1
ninhsáng,1
lyquảng,1
lạp,1
dịch.ba,1
torino,1
.sedghi,1
samin,1
mọc,1
italy.bãi,1
nói.tuy,1
turin,1
paolo,1
định.không,1
máu.hiện,1
thời.hai,1
sicilia,1
messina,1
ornella,1
nói.tamburelli,1
này.tổng,1
(ppe),1
nói.mặc,1
dịch.ngày,1
medichini/ap.tại,1
medichini/ap.nhân,1
vong.nhân,1
10.023,1
sĩ.tamburelli,1
phi),1
turin.cô,1
francesca,1
dịchsáng,1
dịch”,1
“vắng”,1
ngày.“sài,1
rợp,1
1.sài,1
phép.sài,1
quyền;,1
cộng;,1
28/3/2020,1
world.từ,1
đường.sài,1
ngày.sài,1
đổng,1
thangphố,1
covid-19.sài,1
thangkhu,1
người.sài,1
duẩn,1
5m.sài,1
262,1
bitexco,1
thiêm,1
calmette,1
thangnhững,1
thành.sài,1
thanggiao,1
1898-1909,1
giới.sài,1
empty”,1
great,1
1.nhiếp,1
thangquảng,1
thang.sài,1
cdc.,1
tuần.trong,1
(kháng,1
arn,1
marn,1
marn.phương,1
lâu.theo,1
(gao),1
biết.theo,1
hku,1
poon,1
h5n1,1
cnn.một,1
cnn.virus,1
vaccine.virus,1
thường.thậm,1
(hku),1
hongkong,1
nicholl,1
dụng.khi,1
82%,1
cnn.trong,1
cnn.sản,1
biết.sản,1
gàđiều,1
rượu.các,1
inch.nhưng,1
eqc,1
daimler,1
wagener,1
ôtôgorden,1
táp-lô,1
choán,1
concept,1
ces,1
.trong,1
a3,1
luận.thực,1
thích:,1
hondatakeki,1
ứng.jazz,1
chung.trong,1
cơhãng,1
rác.đi,1
được.dọn,1
hủy.tôi,1
đã.có,1
cacton...),1
mình.vậy,1
quê.ở,1
lên.giờ,1
nilon..,1
ruộng.những,1
ráctôi,1
kho.,1
nàyvì,1
dẫu,1
ro.ngược,1
đến70%,1
thuê.theo,1
trường.tuy,1
hoặcgiá,1
đượchàng,1
cảnhcovid-19,1
xét.nhu,1
sovới,1
sức',1
‘quá,1
nhưđọc,1
ngày.tuấn,1
gb...,1
ssd,1
tốt.nhiều,1
phíkhá,1
(hoàng,1
lớn.vốn,1
đồngnhiều,1
10-12,1
.khẳng,1
thấm,1
đồngcũng,1
covid-19'tôi,1
'giặc,1
quảtôi,1
.'tôi,1
kha,1
còng,1
mình.còn,1
.đồng,1
hợt,1
hời,1
đó.với,1
no,1
bar..,1
keo,1
ghẹo,1
đây.chia,1
kiệm.bạn,1
thơi,1
kiệmtrong,1
khỏe',1
'sống,1
tối?,1
rủa,1
nguyền,1
nản.,1
martjin,1
sven,1
chột.,1
thui,1
khắt,1
áo.,1
triều.,1
mưa.,1
vồng,1
dìu,1
đóng.,1
7/3,1
daegu.,1
bẵng,1
donkyung,1
florence,1
giannelli,1
nhất:,1
kagawa,1
inoue,1
yoshiteru,1
roll.,1
'n',1
love,1
arrows,1
merrill,1
alan,1
rocker,1
20.,1
allmusic,1
krauss.,1
alison,1
stuart,1
marty,1
black,1
clint,1
train,1
same,1
grammy,1
billboard.,1
records.,1
epic,1
1980,1
oklahoma.,1
instagram.,1
combs,1
moore,1
paisley,1
panama.,1
diffie.,1
rogers,1
kenny,1
quê!,1
aldean,1
61.,1
philippe,1
2.300,1
paris.,1
haut-de-seine,1
antony,1
1983.,1
sarkozy.,1
nicolas,1
patrick,1
28.,1
quốc;,1
tần,1
kane.,1
2022.,1
clb.,1
kèo,1
redknapp.,1
jamie,1
15/4;,1
176/2013/nđ-cp,1
covid-,1
khoẻ.,1
global,1
now,1
english,1
stewart,1
travis,1
25-35,1
6-15,1
1-4,1
139,1
hecta.,1
nugget.,1
ava.,1
supplements.,1
journal,1
astrophysical,1
fortuner.,1
đọ,1
toyota.,1
do:,1
lí,1
cr-v.,1
hàn.,1
khứa,1
tôi:,1
lầy,1
30%/tháng.,1
mề,1
ngữ...,1
ipad,1
nát,1
america),1
gần!'',1
tủy,1
estate,1
credit,1
forbes,1
2024;,1
vay;,1
(mtm),1
chính;,1
(reit),1
barack,1
khàn,1
hấu,1
1978,1
ngỡ,1
ngẫu,1
46%,1
48%,1
brasilia,1
latin,1
350.000,1
ngẩn,1
ngớ,1
1.620,1
janeiro,1
thông',1
'trò,1
35.000,1
57.000,1
vn,1
cờ;,1
y),1
(cục,1
america.,1
15/6,1
thóp,1
thuận-sư,1
342.000,1
luỹ,1
lủy,1
lcms),1
lms,1
glycerin,1
unilever,1
alcohol,1
isopropyl,1
nhãn,1
tróc,1
rát…,1
phục:,1
thán,1
data,1
meo,1
ngụp,1
spark,1
funix,1
rít:,1
nhào,1
xẹt,1
nhằn',1
'khó,1
vakis,1
16.500-18.300,1
aips,1
(aips),1
icon,1
(drone),1
dả,1
tối;,1
a9,1
oppo,1
7i,1
nova,1
128,1
rheinland,1
tüv,1
qualcomm,1
pro,1
4g,1
quắt,1
rằng),1
massocca,1
030,1
(1.,1
982,1
12%,1
(fed).,1
34%,1
237,1
93%,1
591,1
18.,1
04%,1
djia,1
2000,1
tháo.,1
bịa,1
nhọ,1
rũ,1
quyến,1
bộ'.,1
'thiên,1
ào,1
hudson-odoi,1
callum,1
chưa.,1
093,1
476,1
quả;,1
dõi;,1
526,1
phục);,1
covid-10.,1
karaoke;,1
club;,1
beer,1
tiệm,1
cửa.,1
đóng,1
phải,1
cđv,1
93,1
lukaku.,1
federico,1
romelu,1
thóp.,1
chùa.,1
transit.,1
mỹ).,1
antonio,1
at,1
'con,1
quai,1
3:,1
2:,1
1:,1
ăn.,1
800w.,1
lạị,1
đậy.,1
doãn,1
378,1
hồi.,1
2039.,1
mát.,1
rặng,1
1993,1
queensland.,1
cảng.,1
niên.,1
glasheen,1
australia	cựu,1
brandford,1
rob,1
nhẹn,1
bẫy.,1
mombasa.,1
haller,1
tròng,1
kenya,1
kenyanhờ,1
explorer,1
raptor,1
mpv,1
(img).,1
cụt,1
đẻ.,1
thả.,1
gastwirth,1
ibiden,1
electronic,1
renesas,1
murata,1
đúc:,1
bỏng,1
nháo,1
nhốn,1
kris,1
cân.,1
chít,1
chát,1
nghiêp,1
quá'.,1
thái,1
người,1
'nhiều,1
túc.,1
chướng,1
chế.,1
dropbox,1
(365office)...,1
trello,1
slack,1
hangouts,1
nintendo,1
bungie,1
estonia,1
riết,1
obama,1
space).,1
(coworking,1
353,1
lync.,1
connect,1
adobe,1
connectsolutions,1
princeton,1
business,1
nhỏ:,1
tảng).,1
nhổm,1
nhấp,1
ách,1
luôn:,1
global),1
(avse,1
(ilo),1
vũ...,1
hạo,1
dĩnh,1
tvb,1
tấu,1
(mỹ).,1
with,1
tonight,1
week,1
last,1
v-pop,1
country.,1
folk,1
americana,1
tay).,1
(tạm,1
hand,1
washing,1
nags,1
morning,1
good,1
chỉ.,1
sán,1
tày,1
tộc:,1
(chương,1
iran.,1
nhật...,1
ảrập,1
trước).,1
tượng.,1
iran...,1
vy',1
'ghen,1
11/4,1
9.053,1
102.136,1
7.700,1
nền.,1
5/4.,1
người;,1
6/3),1
'cố,1
azerbaijan,1
bahrain,1
gp,1
(fia),1
htqt@moet.gov.vn,1
email:,1
365127407,1
2438695144,1
nội;,1
cồ,1
(+84)981.84.84.84,1
7.500,1
11.000,1
zealand,1
29.000,1
190.000,1
gaulle,1
trang...,1
nón,1
phải),1
(bìa,1
248,1
mai',1
tế:,1
6-7,1
khuấy,1
xào,1
rán,1
dăm,1
(250.000,1
rỗng,1
(23/1),1
(22/1),1
jrai,1
khóm,1
lảng,1
bazan,1
khoái,1
sảng,1
đênh,1
lênh,1
pah,1
15m,1
ya,1
t’nưng),1
nueng,1
ea,1
nuêng,1
đầy”,1
“đôi,1
lằm,1
rêu,1
44%),1
(ít,1
1°c,1
2100,1
8°c,1
thấy:,1
km2,1
-40°c),1
-10°c,1
pleistocene,1
hamburg,1
reports,1
scientific,1
methan,1
laboratory),1
research,1
(transport,1
trl,1
nhãng,1
greig,1
neil,1
vuốt,1
tên),1
(đa,1
chớm,1
twitch,1
coivid-19,1
nielsen,1
plus,1
tv,1
verge,1
wojcicki,1
susan,1
pichai,1
sundar,1
thierry,1
covi-19,1
tru,1
stream,1
thiển,1
19?,1
việc:,1
dài?,1
ngờ...,1
trời...,1
cong),1
(thế,1
curved,1
is,1
ngần,1
tục?,1
phí',1
'người,1
60.000,1
205%,1
25.300,1
ạt,1
ồ,1
392,1
avant-garde,1
mình:,1
dệt,1
phách,1
italy),1
today,1
dominican,1
62,1
sh,1
phước),1
10/2018,1
(bến,1
3/2017,1
cấp,1
tiền,1
đòi,1
vì,1
113,1
148,1
ly..,1
covid-19;,1
145,1
(,1
(34,1
453,1
5),1
(năm,1
1.056,1
sọ,1
378.000,1
'kén,1
redondo,1
grumman,1
northrop,1
hubbe,1
guiana,1
kourou,1
3/2021,1
ngược”,1
“nhìn,1
3),1
(kết,1
cultofmac,1
'bom,1
ngợp,1
đãng,1
group...,1
novaland,1
vị',1
'khẩu,1
nhỏ...,1
fantasy,1
check-in,1
shopping,1
khu:,1
sầm,1
garden.,1
1.256,1
lạm,1
9.700,1
giềng,1
vienna,1
sebastian,1
67.,1
chi.,1
da),1
(nữ,1
buddha),1
205,1
ozil.,1
mesut,1
manchester.,1
zanetti,1
2009-2020,1
nerazzurri,1
1963,1
ibrahimovic,1
zlatan,1
gea,1
pogba,1
trafford,1
2014-2015.,1
hazard,1
eden,1
drogba.,1
didier,1
lampard,1
frank,1
makelele,1
claude,1
gallas,1
carvalho,1
ricardo,1
terry,1
cech,1
petr,1
marca,1
đậm,1
dắt.,1
hóa),1
(57,1
thúcnăm,1
hiện),1
(tự,1
tiễn.,1
3%).,1
(98,1
caykay,1
22/2/2020,1
25/11/2019,1
bluetooth,1
nhì,1
caykay.,1
safari...,1
xướng,1
cano.,1
miko,1
t5,1
t1,1
simi,1
xoà,1
cho.,1
phượt,1
quậy,1
nhút,1
bảnh,1
1m75,1
túng.,1
115,1
(f/2.2),1
(f/1.8),1
vali,1
vọng:,1
thỏm.,1
ly:,1
nagoya,1
riệp,1
siêm,1
ngã.,1
24/7,1
biến.,1
buồn.,1
ngác,1
xoe,1
gửi.,1
quá...”.,1
seoul.,1
“kế,1
viên:,1
reuters),1
thích.minh,1
wealth,1
private,1
boston,1
cao của,1
perez,1
nancy,1
thoái.,1
xuống thấp,1
street.,1
dịch đã,1
tới.dù,1
tỏa 15,1
dịu sau,1
.tâm,1
wall.,1
thích đang,1
management,1
asset,1
avenue,1
baker,1
hạn.king,1
(fed),1
dân và,1
nhằm hỗ,1
gói kích,1
13%.các,1
dõi nhóm ngân,1
nhóm năng,1
7.417,1
2.447,1
38%,1
nhất 87,1
tăng mạnh,1
20.704,1
37%,1
dow,1
vong.như,1
54 người,1
1.866,1
công.covid-19,1
ông đều,1
xào ông,1
xì,1
hài.,1
tượng shimura,1
đản...,1
hội.sohu đánh,1
biếm,1
của shimura,1
những tiết,1
show phát,1
1970,1
phim từ,1
vì độ,1
nhk.,1
gan.,1
tràng.,1
thuật polyp,1
phổi.những,1
ken mất tối,1
nhk,1
afp),1
11/4.,1
tế sẽ,1
27%.,1
9.053.,1
102.136.,1
tướng;,1
covid-19 ở,1
độ ứng,1
tùy theo,1
đề cao,1
25 tỉnh,1
phúc).,1
(khánh,1
6 ca,1
31/3),1
(đến,1
thành có,1
gồm 25,1
đẩy các,1
covid-19 nhằm,1
nhiễm trong,1
bệnh nguy,1
lây.,1
đã kiểm,1
quốc về,1
28/1,1
đầu từ,1
sách với,1
tế; thực,1
covid-19 trên,1
chiến với covid-19.,1
nam bước,1
lúc này,1
vgp,1
đam.,1
lại sử,1
clb được,1
giải.14,1
ba đội,1
xuống.căn,1
dịch lắng,1
.do,1
thoả.,1
và tổng,1
sẽ được,1
phòng.công,1
journal),1
luther.,1
ninh.,1
tử.,1
3.công,1
trau,1
1.phát,1
đồng.đến,1
56%,1
ca covid-19,1
89,1
ảnh: giang,1
biết test,1
thạch.,1
nhanh dựa,1
nhằm sàng,1
người có,1
phẩm những,1
đó bệnh,1
(test),1
build,1
design,1
kế: room+,1
studio,1
art,1
ảnh: sm,1
bài:,1
cắt.,1
tạo.,1
gũi.,1
thống làm,1
tắm tối,1
cần.,1
thất.,1
măng,1
xi,1
m2.,1
rộng 14,1
và đồ,1
trệt,1
mà không,1
chúng cho,1
với bên,1
dụng lấy,1
như chiếc,1
và cửa,1
tiền gạch,1
pháp thay hai,1
sư đề,1
mới vừa,1
m trong,1
mảnh đất,1
japan-foward,1
soranews24),1
shirota/youtube.,1
video: michiyoshi,1
59 người,1
2.007,1
đào giúp,1
hiểm”,1
“mạo,1
đìu,1
meguro,1
mùa hoa,1
togichi tuyết,1
saitama,1
kanagawa,1
chiba,1
ibaraki,1
kanto.,1
5 cm,1
thấp dẫn,1
mùa là,1
sun),1
vực.an,1
calcun.,1
roo,1
quintana,1
alfredo,1
kích.,1
mồi đơn,1
onca),1
maya.,1
riviera,1
sirenis,1
tulum,1
chóc,1
mexico.,1
cancun,1
cá sấu,1
service),1
complete,1
kc,1
wikihow,1
vì các,1
sét.,1
gỉ,1
trống),1
(tang,1
má,1
shutterstock,1
trơn.,1
ngóc,1
chứa.,1
chịu trên,1
khó rửa,1
zigwheels,1
1.rửa,1
thiệt.,1
ngoại.,1
đêm khóc,1
tiền sinh,1
người ta,1
với hàng,1
chai.,1
ve,1
lý do,1
anh bị,1
không còn,1
không phụ,1
tôi khuyên,1
không chịu,1
không nghĩ nhiều.,1
không lời,1
không đến,1
dịp gì,1
xói.,1
xỉa,1
với nhau,1
người con,1
không ưa,1
anh kinh,1
với 121,1
apple.,1
đây cũng,1
androidauthority,1
cloud...,1
browser,1
assistant,1
trên.để,1
p40...,1
mate,1
services.,1
dịch...,1
gmail,1
maps,1
play,1
buộc.,1
.động,1
ngạc',1
'đáng,1
đũa,1
fdpr,1
huawei.,1
tsmc,1
(fdpr),1
weixin.,1
xu.,1
chiến',1
'tham,1
tranhoan,1
tien,1
minh.thuduc.83,1
lụy,1
thaihoa1286rất,1
rằng:thu,1
ớdù,1
sao?ấm,1
hẵng,1
buicách,1
thong,1
vinhtôi,1
tung.,1
xui,1
hành...,1
đăm,1
ăn;,1
lay.,1
dự.,1
môn.,1
vặn,1
lưới.,1
chủng.,1
chép.,1
hiv/aids,1
thảy,1
nhắn:,1
dở.,1
qui,1
1998.,1
lao.,1
‘gà’,1
đây?,1
dzô,1
ủa,1
nguy:,1
xụp,1
lụp,1
xăm.,1
trợn.,1
biểu?”,1
mầy,1
“ê,1
260,1
209,1
19.522,1
2.433,1
học...,1
dự;,1
đô;,1
hội...,1
lịch;,1
thao;,1
24/24h?,1
virut,1
nhiễm);,1
(hoặc,1
tục;,1
thành;,1
mtv,1
hcmsở,1
táng',1
'báo,1
truyền.,1
mạnh...,1
media,1
next,1
mttq,1
tội.,1
chân.,1
14h40,1
tiệp,1
tuấn.,1
csđt,1
8-16,1
(qatar),1
doha,1
d.c.,1
wasington,1
incheon,1
thiết),1
(phan,1
sui,1
10/3.,1
lynh,1
remote.,1
tiến:,1
fresh,1
fresh.,1
lạ...,1
yanui,1
harn,1
cape,1
promthep,1
patong.,1
bath,1
bơi.,1
thalang.,1
cherngtalay,1
nikrahatchai,1
kaken,1
edwards,1
armstrong,1
cobleigh,1
brent,1
vệ.,1
cản.,1
dẹt,1
p2006t,1
tecnam,1
thuôn,1
maxwell.,1
987,1
chennai,1
65w,1
5.500,1
tele,1
10x,1
razr,1
moto,1
techconfigurations,1
mix,1
song.,1
nhỉ.,1
ngông,1
muội,1
hờn,1
loi.,1
hút.,1
lỏi,1
len,1
2.800,1
2.700,1
468,1
12/4,1
13/4,1
tố.,1
can.,1
lẽ.,1
ảo.,1
công),1
cậy.,1
thử.,1
dựng...,1
hẻo,1
huỳnh,1
ngừng.,1
15-20,1
vi.,1
lận,1
hích,1
động:,1
(tài,1
35-40%,1
thang.,1
10/2019,1
(phiên,1
jessica,1
phang,1
raphael,1
tỏ.,1
gõ,1
16/10,1
cóc.,1
22/5.,1
(furie),1
giáo.,1
peng,1
weinstein,1
harvey,1
#metoo,1
lót,1
niên),1
lóng,1
'dama',1
joy,1
thích/không,1
10/8,1
khoan,1
jeans,1
12/8.,1
trát,1
kazakh,1
selfie,1
không',1
'cô,1
xiang,1
sooc,1
thấp;,1
massage...,1
ngãi.,1
771,1
4/2,1
cấm.,1
dừa...,1
hóng,1
(8-11,1
bộ...,1
asiad,1
1/8,1
miura,1
toshiya,1
u23.,1
2005,1
2000.,1
tiger,1
games.,1
alfred,1
(1997),1
murphy,1
(1995-1996),1
weigang,1
heinze,1
karl,1
(1995),1
tavares,1
edson,1
1995-1997,1
1995,1
quốc...,1
lần).,1
(hai,1
lưu),1
15/10,1
sộ,1
154.,1
syria,1
0-1,1
lebanon,1
vợi.,1
1/2009,1
ngủi.,1
kình,1
2007.,1
u19,1
u16,1
hữu.,1
henrique,1
0-1.,1
1-6,1
25/10.,1
hận.,1
lượng),1
giang),1
gìn.,1
copy,1
vks.,1
dục),1
thản,1
25/10,1
(vinif),1
2019-2030,1
ling,1
us,1
(2019-2020).,1
qs,1
văn.,1
vinuniversity,1
sắc.,1
(ntu),1
20/11,1
nanyang.,1
háng,1
luebking,1
uwe,1
berlin,1
busse,1
reinhard,1
jens,1
86%,1
62.000,1
(rki),1
koch,1
lothar,1
kelber,1
stein,1
christof,1
merkel,1
angela,1
300.000-500.000,1
cược',1
'đặt,1
phô,1
chán.,1
nhàm,1
metropolitan,1
sacramento,1
bjork,1
erika,1
doug,1
connecticut.,1
reiss,1
benjamin,1
vihstadt,1
sununu,1
chris,1
hampshire,1
lujan,1
stelnicki,1
tripp,1
rượu.,1
wolf,1
pennsylvania,1
súng.,1
hook,1
sandy,1
alliance,1
action,1
ned,1
altieri,1
3/2020.,1
2/2020.,1
kong.,1
liège.,1
4),1
phil,1
12.500,1
4.410,1
tiếp:,1
đây',1
than:,1
5',1
m8,1
coupe).,1
(gran,1
(convertible),1
(coupe),1
nể,1
minecraft,1
(sd),1
480p,1
(melbourne),1
raschky,1
hơn',1
livestream.,1
3g/4g,1
mb/giây.,1
nail,1
masaryk.,1
labem,1
nad,1
usti,1
kit),1
(test,1
là:,1
chốt.,1
đắn.,1
bách.,1
chứ.,1
sỹ.,1
bốt,1
rô,1
hiến.,1
mẩu,1
gắm,1
đón).,1
(chỉ,1
thị.,1
binh.,1
đánh.,1
2.3,1
hessen,1
bayern,1
tiện.,1
baden-württemberg,1
leipzig.,1
sachen,1
2020),1
(tháng,1
màu.,1
bịch.,1
lố,1
phone,1
smart,1
lơ,1
giản:,1
đó?,1
lợi?,1
đẳng.,1
muôn,1
tắc tôn,1
khoán sẽ,1
bệnh phức,1
này là bảo,1
khoán cho,1
khoán đã,1
trần văn,1
gogh để,1
- cùng,1
- the,1
ở nuenen,1
hiện khu,1
giá tác,1
tàng groninger,1
thuộc quyền,1
bức spring,1
để giới,1
ngày 30/3,1
8/4.,1
19/2,1
14.656,1
3.703,1
3.111,1
jahanpour,1
kianoush,1
khác trong,1
chế chuyến,1
- tp,1
520-550,1
bay quốc,1
trọng;,1
lazio.,1
- không,1
bundesliga,1
vđqg,1
cies,1
(italy),1
sports,1
dello,1
corriere,1
án này.,1
phải đáp,1
điêu,1
barca.,1
messaggero,1
đkvđ,1
trường...,1
rịa,1
lư,1
điền),1
tam),1
sen.,1
12/2018,1
cọ,1
huân,1
(nhật).,1
keio,1
(đức),1
bremen,1
toulouse,1
assas,1
panthéon,1
khỏe tốt.,1
hà nội,1
mẫu hàng,1
oai,1
đặt tại,1
(realtime,1
ở quận,1
vì những,1
vì chính,1
phẳng?,1
nhân?,1
rocca.,1
máu:,1
cũng khuyến,1
sót.,1
dịch và,1
người:,1
dễ tổn,1
hay những,1
nhìn italy,1
lầm rằng,1
bệnh đơn,1
vọng khi,1
raffaele,1
today.,1
usa,1
viết đăng,1
liềm,1
lưỡi,1
- là,1
chết...,1
salaam.,1
es,1
dar,1
moshi,1
arusha,1
hủy lịch,1
mwalimu,1
tế ummy,1
nơi khiêm,1
ly này,1
tại các,1
nhiễm covid-19,1
định một,1
người phải,1
tới các,1
tanzania.,1
sáp,1
4625.,1
đầy sao.,1
1781.,1
1787.,1
wilhelm,1
ib,1
thaco bán ba,1
con là,1
hãng chỉ,1
hiệu bán,1
nước như,1
tốt của,1
xe doanh,1
nam tạm,1
ford có,1
lexus tại,1
hãng đã,1
biến dịch,1
xuất phụ,1
tin các,1
nửa kia,1
em biết,1
nào tôi,1
em với,1
em cố,1
hai tay,1
em ít,1
dung.có,1
sinh mâu,1
nhà đôi,1
hai luôn,1
nghĩ và,1
ra đủ,1
em gửi,1
hợp và,1
bạn thật,1
chỉ đơn,1
em rất,1
em không,1
đến và,1
như duyên,1
biệt chúng,1
covid-19 đã đánh,1
peacock,1
nhưng chúng,1
nên quá,1
không?phê,1
tự hỏi,1
bai nhận,1
sĩ âm,1
tá ngày,1
khi covid-19 ghé,1
mỉm,1
trận',1
'vỡ,1
>>nỗi,1
đẽ:,1
2016.,1
phiếm,1
kém.,1
cách’,1
‘xa,1
internert..,1
ngợi.,1
trọt,1
rau.,1
qua...,1
muống,1
nhót,1
quyền.,1
1.227,1
8.852,1
phục).,1
153,1
03,1
hđnd,1
trêu!,1
khạo.,1
ronnie,1
messi.,1
lionel,1
dũa,1
ronadinho,1
cỏ.,1
cống.,1
vida,1
en,1
genio,1
paraguay,1
ronaldinho.,1
tồi.,1
sám,1
palazzo,1
assis,1
roberto,1
asuncion,1
đủi,1
bụi.,1
huddersfield,1
top-up,1
khóc.,1
(đông,1
cháu.,1
ương;,1
bim...,1
thơm,1
ru.,1
teng,1
đòng;,1
khô;,1
cốm...,1
sọc,1
thửa,1
xuân.,1
mọng.,1
gram.,1
phi.,1
schoenobaenus),1
(acrocephalus,1
chích.,1
khom,1
3h30,1
léo,1
sinwp,1
(sinwp),1
living,1
hud.,1
chấu,1
vô-lăng,1
carplay/android,1
gv80.,1
tiến.,1
3.010,1
1.450,1
1.925,1
4.995,1
sportback.,1
a7,1
coupe,1
phản.,1
mạ,1
nẹp,1
roofline,1
quốcmẫu,1
dị.,1
nọ.,1
tôi),1
sếp,1
facebook’,1
‘gửi,1
nan.,1
karaoke:,1
trâm,1
phục',1
'thập,1
đỡ:,1
tuần:,1
hợp:,1
được:,1
vui.,1
chịu:,1
tiêu...,1
thốn.,1
khứ.,1
hãi’,1
‘sợ,1
moneymindful,1
linda,1
sợ:,1
impact,1
financial,1
holly,1
(việt,1
táo.,1
(nsnd,1
két,1
họa.đạo,1
12/2019.,1
po,1
hua,1
3.100,1
80.000,1
20/1.,1
đáp.,1
dặm,1
phương...,1
182,1
cối,1
phìn,1
tuột,1
xít,1
nhưỡng,1
hao.,1
hanh,1
lũng,1
đáy.,1
rỗi,1
suối.,1
trơ,1
(2),1
168,1
nhàn,1
tẩn,1
úy,1
cong.,1
túa,1
23h,1
đồn.,1
bát...,1
đục.,1
chậu,1
cai).,1
(tỉnh,1
simacai,1
lợp,1
uý,1
cai-chạy,1
oải,1
uể,1
(42.195,1
3h43,1
runner,1
21km,1
10km,1
dáng.,1
khoắn.,1
bền.,1
yoga.,1
luyện.,1
(rff).,1
fun,1
record),1
(personal,1
pr,1
v-race,1
run).,1
(long,1
(tempo),1
workout),1
(interval,1
7),1
(phú,1
nể.,1
360.,1
tù).,1
bệnh...có,1
viện...nếu,1
ly...dẫn,1
dối...dẫn,1
nộingày,1
fpt.,1
(50%,1
(2015-2019).,1
i).,1
hạng.,1
http://schoolrank.fpt.edu.vn,1
atar,1
114.000,1
gái;,1
huế.,1
sạn.,1
an),1
(hội,1
boutique,1
vn185,1
chài.,1
junk.,1
jasmine,1
26c,1
múa,1
miếu,1
opera,1
hilton,1
garcía,1
fermín,1
tres.,1
tri.,1
bambino.,1
chablé.,1
santos,1
003),1
merida,1
003.,1
708,1
tộc!,1
hơn.celia,1
anh?,1
ghế:,1
post.,1
celia,1
casanova.,1
1/2020,1
protein.,1
exome,1
exome.,1
chí:,1
rockefeller,1
(hhmi),1
hughes,1
howard,1
jean-laurent,1
chỉnh.,1
performance,1
cấp...,1
tin-giải,1
điểu,1
nghi.,1
ứng.,1
i8,1
bond.,1
cưng.,1
sang.,1
bimmer,1
đàn.,1
phe,1
kìa,1
ca-lăng.,1
trồ,1
full-size,1
dies,1
never,1
tomorrow,1
e38,1
007,1
brosnan,1
pierce,1
1997,1
6/2022,1
danh.,1
(eu),1
zefonar,1
điểm:,1
muench,1
fred,1
97%,1
sim,1
cell),1
(radio,1
tower),1
(cellular,1
broadcast),1
(cell,1
nhúng,1
everbridge,1
cnn,1
trang...thời,1
bứt,1
doanh...cho,1
facebook...,1
nghiêng,1
6%.,1
eib,1
bid...,1
mwg,1
ctd,1
chiếu.,1
atc.,1
giằng,1
chững,1
pow...,1
oil,1
pvd...,1
pvs,1
pvc,1
pvb,1
p,1
phiên.,1
ato,1
lành.,1
trắng...,1
nhảy.,1
cào...,1
nhuận.,1
ngọc.,1
thào,1
thều,1
ơi'.,1
'ốc,1
à.,1
4/2019,1
vân.,1
moskva.,1
putin,1
vladimir,1
kluge,1
hans,1
illa,1
salvador,1
569.,1
950,1
85%,1
245.000,1
6.000,1
53.000,1
lễ...,1
hoạn...,1
xuống.,1
tòa.,1
nại,1
đội...,1
xong.,1
ăn...,1
thuột,1
người',1
'tụ,1
2.229,1
123.774,1
treyger,1
holden,1
sci,1
17-19/3,1
carranza,1
311,1
bronx,1
crotona,1
(sci),1
coleman,1
anastasia,1
(doe),1
5.974,1
3.231,1
2.211,1
123.313,1
142.000,1
663.000,1
199,1
vắc-xin,1
moderna,1
azithromycin,1
chloroquine,1
riise,1
dyrhol,1
anne-ma,1
duyệt.,1
biểu.,1
beta,1
interferon,1
rét;,1
cloroquine,1
virus;,1
remdesivir,1
bhardwaj,1
massachusetts,1
mass,1
vay...,1
khuyết,1
dis,1
chúc.,1
tim.,1
maimonides,1
101.000,1
rồ.,1
thoại...,1
lăng,1
chenobyl.,1
1986.,1
chernobyl,1
atlanta,1
joseph,1
emory,1
vọng...,1
1868,1
gene.,1
rãi.,1
ebola,1
enzyme,1
furin,1
java.,1
96%,1
myanmar.,1
zhengli,1
shi,1
17/3.,1
medicine,1
scotland.,1
edinburgh,1
rambaut,1
holmes,1
edward,1
tulane,1
columbia,1
lipkin,1
scripps,1
kristian,1
983,1
799,1
vat.,1
528,1
cvt.,1
210,1
ebd.,1
khỏa,1
mercedes.,1
mcpherson,1
1.680,1
1.837,1
4.480,1
x65.,1
vinfast.,1
(x55),1
zhixing,1
cuv,1
livestream...,1
ookla.,1
chủ'.,1
‘không,1
modem,1
mb,1
tệp,1
chờn.,1
chập,1
admin,1
chúngta,1
bình.,1
tiếp...,1
thèm,1
nên.,1
thuộc.,1
xá.,1
huyên,1
hồ.,1
ngày...,1
(trú,1
sẽ.,1
oản,1
nuenen,1
groninger,1
groningen.,1
chệch,1
19.500,1
tán.,1
tang.,1
lưỡng.,1
amged,1
middlesex,1
tayar,1
el,1
adil,1
tạng,1
leicester,1
9/2020,1
pháp),1
7/2020,1
cuốn.,1
riêng),1
(gói,1
đa;,1
liêm),1
(nhổn,1
depot,1
mrb,1
nay;,1
can...,1
dầm,1
án),1
(mrb),1
quà.,1
dr.dre,1
2-0.,1
truất,1
valencia.,1
murillo,1
jeison,1
20/9/2018,1
đội.,1
imac.,1
wojciech,1
imac,1
2018-2019.,1
tự.,1
ít.,1
hảo.,1
bưởi...,1
ổi,1
chanh,1
oxy,1
collagen,1
kháng.,1
tuyến...,1
ahmed.,1
mới:,1
thiểu.,1
driver,1
rideshare,1
tạm.,1
xăng.,1
ab5,1
contractor),1
(independent,1
họ:,1
postmate,1
doordash,1
instacart,1
công:,1
california).,1
(tiểu,1
lyft.,1
x-ray.,1
đặc.,1
phình,1
hẹp.,1
compas,1
ozgrav,1
vinciguerra,1
serena,1
đạc.,1
lùn,1
planck,1
(ozgrav),1
kỵ.,1
đố,1
si,1
thắt.,1
quặn,1
nom.,1
lùng,1
trung),1
m11.,1
mỏng.,1
cạn.,1
ơi!,1
trả.,1
giùm.,1
bụng.,1
thuê.,1
cấy.,1
uống.,1
hôn?,1
thầy.,1
sụp.,1
?cvar=tinkhac_gocnhin,1
thúc.,1
sỏi,1
kis,1
'lạ',1
vnexpress.,1
660,1
khoát,1
face.,1
vũ.,1
htv,1
(2015).,1
yolo,1
(2014),1
(2008),1
giãn.,1
thái.,1
vlog,1
xoài,1
vườn.,1
gà.,1
chòi,1
tưới,1
lợ,1
trạch,1
nhơn,1
hằng.,1
47.000,1
934.000,1
7.000,1
tải.,1
461,1
245,1
102,1
lão.,1
104,1
222,1
22h.,1
thôn.,1
martinez,1
lautaro,1
mùa.,1
53%,1
cđv.,1
barça,1
mượn.,1
gân,1
tìm.,1
tẩu,1
(27,1
hội',1
campuchia,1
bài;,1
đán.,1
2/3),1
nai.,1
18/4,1
18/4.,1
123,1
trù,1
cáo.,1
sổ.,1
ncov;,1
khai.,1
thơi.,1
thâm,1
ngán,1
lắm”,1
“tranh,1
khác?,1
mập,1
dứt.,1
vnexpress.net.,1
cao...,1
toán.,1
nhạt.,1
10/2018.,1
bphone.,1
kiện.,1
30%.,1
stanley,1
24%,1
goldman,1
14%,1
gdp,1
jp,1
factset,1
8/2.,1
colorado,1
victorville,1
alabama,1
radarbox,1
delta,1
pittsburgh…,1
oklahoma,1
huỷ,1
insight,1
orbital,1
iceye,1
labs,1
planet,1
technologies,1
maxar,1
10/1982.,1
695.000,1
104.837,1
35.,1
gove,1
đoạn.,1
cầu',1
'khẩn,1
khai),1
tiệm.,1
hàng...,1
trưng),1
(quân,1
ham.,1
west,1
watford,1
bournemouth,1
tư;,1
wolves,1
everton,1
khác:,1
liverpool?,1
1990.,1
ngôi.,1
klopp,1
jurgen,1
cerefin,1
aleksander,1
động'.,1
'hủy,1
ince:,1
4.200,1
19.,1
k1163,1
19/4.,1
xiangyang,1
xue,1
yang,1
huang,1
radar,1
guanggu,1
yufeng,1
yuan,1
jiahong,1
dong,1
27/2.,1
xước,1
chảo.,1
mạch.,1
suyễn,1
hen,1
khí.,1
gàng.,1
sủa,1
bếp...,1
nốt,1
kurikov,1
vitaliy,1
nga.,1
baghaie,1
murdoch,1
evert,1
ruben,1
charter,1
305,1
shrestha.,1
dhurba,1
nẻo,1
phá.,1
6/4,1
moscow,1
ksenia,1
gas,1
hiểm',1
'nguy,1
ngửi,1
dẳng,1
alexandria,1
(dysgeusia).,1
(anosmia),1
biorxir.,1
hms,1
datta,1
sandeep,1
brann,1
giác.,1
(hms),1
mỹ-ncov,1
việt'.,1
'vinfast,1
asia:,1
vnexpress.net.).,1
tấn'.,1
peterson(nguyên,1
jesse,1
thiện để,1
sách.,1
nghiệp cùng,1
cũng nhận,1
tuất,1
doanh: được,1
năm ngừng,1
nhiệm trả.,1
tháng),1
(vay,1
tháng:,1
nhận 1,1
gia:,1
(ngoài,1
mạng: được,1
đồng gồm:,1
trợ 52.000,1
vải.,1
kcn,1
9.500,1
(16.200,1
(khoảng gần,1
chi cho,1
52.000,1
61.580,1
kiến khoảng,1
(1/4).,1
bày tại phiên,1
tại nhà,1
tú... trao,1
tá chống,1
và bệnh,1
nam thắng,1
tặng.,1
viện trao.,1
sĩ cùng,1
nytimes),1
váng,1
để mua,1
người tiết,1
kiốt,1
2012.,1
haiti,1
còn chồng,1
tranh tư,1
romania,1
beverly,1
alex,1
động nhiều,1
covid-19 có,1
nhẵn,1
chừ,1
chần,1
thuê huấn,1
bachelor,1
kirk,1
đáu,1
đỡ',1
york cho,1
nghèo.,1
lo sợ,1
dakota,1
lụt,1
xét.,1
vermont,1
fothergill,1
alice,1
1.500-2.000,1
thăm đầu,1
kịp.,1
8/3.,1
adedyo,1
salon,1
samantha,1
lực chưa,1
st.louis,1
chưa từng,1
7-eleven.,1
tại cửa,1
33 ca,1
những nơi,1
bàn và,1
dân các,1
nghiệm cho,1
sẽ lấy,1
nội sử,1
cư khác.,1
số khu,1
nghiệm ra,1
và thời,1
hiện cdc,1
cdc,1
để kiểm,1
đưa ngay,1
10h,1
trọc không,1
trằn,1
(48,1
tính liên,1
đó tự,1
thân; sau,1
(67,1
đến thông,1
9h30,1
máu ở tay,1
sân trường,1
chiến dựng ở,1
tiên xét,1
hợp ưu,1
liên),1
(28,1
ở trường,1
8h30,1
golfweek),1
awards.,1
club,1
nà,1
par72,1
mbe,1
westwood.,1
major,1
1986,1
donald.,1
là hoàng,1
7 cúp,1
tour.,1
thuật.,1
instgram,1
putt,1
gồm: cú,1
gigi,1
elle,1
công thực,1
florida.,1
jupiter,1
cầu bổ,1
đãi.,1
trả thì,1
tài.,1
37),1
(khoản,1
116,1
động).,1
98,1
2.trau,1
64.,1
nhân khỏi,1
19h30,1
nam...,1
325,1
1000,1
người được,1
hcm tăng,1
1.800,1
8.600,1
15.,1
phố lên,1
49 ca,1
hcm ghi,1
(bệnh,1
nhân là,1
31/3 đã,1
oai để,1
của nhân,1
nghiệm hơn,1
166,1
282,1
448,1
1.100 trường,1
95 ca,1
nội đến,1
dịch covid-19 trên,1
218.,1
79.000,1
4.307,1
364,1
kế.,1
hai).,1
(phát,1
đạc)-,1
(cầu,1
lớp),1
(hai-ba,1
phần:,1
nước-,1
mái),1
chí:-,1
..).,1
(tre,1
dụng),1
(phạm,1
quan),1
rào),1
architects.,1
h&p,1
futurarc,1
aga,1
scmp),1
phát ở,1
17%,1
284.029,1
này đón,1
chặn covid-19.,1
hành để,1
11 bệnh,1
17 người,1
khách bị,1
trú trên,1
island,1
kuredu,1
tỏa để,1
quyền phát,1
nếu hết,1
này dự,1
daily),1
và naphtalene.,1
tông geopolymer,1
trúc bê,1
liệu có,1
bệ,1
lít/100,1
09 lít/100,1
hao,1
soluto.,1
gầm,1
hơn soluto,1
375,1
dynamic,1
xpander,1
sedan.,1
này tạo,1
425,1
deluxe,1
9/2019.,1
điện.,1
ebd,1
lớn nhất,1
carens,1
1270,1
09,1
ngược.,1
siêng,1
techcrunch),1
nbcnews.,1
bolsonaro.,1
kiến tại,1
mà?chúng,1
lo?tôi,1
này:,1
ngọc cho,1
giả hà,1
son.,1
tôi cũng,1
tôi bàn,1
chỉ),1
(2,1
tôi vào,1
đồng nào,1
tôi cái,1
tôi ngày,1
cho mẹ mua,1
chồng đưa,1
nguyen:vợ chồng,1
giả tha,1
dâu.,1
mái.,1
hai bên,1
lo đám,1
dại kể: vợ,1
nickname cỏ,1
chả,1
các cụ,1
biếu,1
(cách,1
niệm:lúc,1
giả ha quan,1
1.200-2.000,1
20.000-30.000,1
jll,1
2.256,1
căn.,1
366,1
tết).,1
(trước,1
ii/2017.,1
54%,1
iv,1
(jll),1
lasalle,1
1988,1
mv.,1
hát:,1
lữa,1
g-dragon.,1
fan,1
1997.,1
thịnh,1
âm.,1
valentine.,1
hà).,1
tác:,1
(sáng,1
lạt.,1
japan,1
11.500,1
164.000,1
786.000,1
73,1
haneda,1
hirofumi,1
shinzo,1
424,1
2.007.,1
mai;,1
(31/3),1
đồng/tháng,1
24/24.,1
3x3,1
kít,1
tớn,1
thuận.,1
liga.,1
họp.,1
11h30.,1
(vff),1
lđbđ,1
nai),1
(đồng,1
mương,1
(19,1
chùa),1
(43,1
(58,1
pl,1
giấu.,1
tân),1
ân.,1
750,1
thuậnngoài,1
phào.,1
....,1
=,1
+,1
(chị,1
s,1
word.,1
đùi,1
ngùng.,1
ngượng,1
3-4h,1
zoom.,1
chồng:,1
tuông,1
giảng.,1
chưa?,1
nhỉ?,1
mic.,1
nhỉ?”,1
“cô,1
linh...,1
câu:,1
trọ.,1
mini,1
f2.,1
4h,1
f2,1
duật,1
17.,1
giờ/ngày,1
úp,1
mũi.,1
gang,1
trần.,1
xìu,1
ỉu,1
buốt.,1
thít,1
oi,1
hôi.,1
sũng,1
trũng,1
shipper,1
giỏ,1
rít,1
pháo,1
f,1
310,1
1h,1
tết.,1
285.000,1
nhẫn.,1
hộ),1
(quần,1
lìm,1
quân.,1
gật,1
hoà.,1
réo,1
chuông,1
10/4.,1
tat,1
jirus,1
yala,1
pattani,1
sarasin,1
kalin,1
thaiquote.,1
(tha),1
naphtalene.,1
vướng.,1
chau,1
hồ).,1
(ví,1
7h00),1
6h40,1
(bỏ,1
2m.,1
5-6,1
7h10,1
tamthanhbk2305,1
07,1
xe:,1
thưc,1
thuhuyen.nguyenthi,1
buýt.,1
quả:,1
12.400,1
“hoãn”,1
14/2/2020,1
thuốc.,1
ổn xăng,1
dầu hạ,1
chỉnh ngày,1
chỉ giảm,1
cơ quan,1
động mức,1
tục dao,1
50% so,1
singapore đến,1
luôn ngày,1
còn 21-23,1
rạp từ,1
và có,1
phim nổi,1
ảnh cho phát,1
mới từ,1
quốc tuyên,1
rạp đồng,1
phủ kiểm,1
cấp địa,1
báo này,1
đông đã,1
các tỉnh,1
tục chiếu,1
ảnh nước,1
cư.,1
lenox,1
1.500.,1
cuomo,1
3.305,1
3.873,1
188.172,1
khan.,1
932,1
11/9/2001,1
nhựa trắng,1
(bhc),1
tiếp;,1
cứu;,1
lẻ.,1
pacific,1
jetstar,1
bamboo,1
se7/se8,1
se1/se2,1
vé.,1
5h53.,1
20h30,1
se4,1
4h38,1
19h25,1
se3,1
khách se3/se4,1
vđv,1
chạp,1
thomas,1
8/2021.,1
vào tháng,1
mỹ vẫn,1
eugene,1
tế (ioc),1
(cdc).,1
giả hoặc,1
hacker,1
trung là,1
ireland,1
khó đột,1
fentanyl,1
khăn mua,1
khi gặp,1
nhóm thuộc,1
kong vào,1
honduras,1
colombia.,1
venezuela,1
colombia,1
(anh).,1
institute,1
royal,1
- chuyên,1
buộc phải,1
gần 39.000,1
gần 800.000,1
200 quốc,1
dạy qua,1
quyết nội,1
kỳ ii,1
212.,1
60.,1
chăm.,1
ông này,1
tại thôn,1
theo phác,1
được cách,1
ba ngày,1
tính lần,1
ở thôn,1
được ôtô,1
giấy xuất,1
mail:,1
keatley,1
poppy,1
nicole,1
whatsapp,1
nhiễm covid-19.,1
anhtara,1
1.405,1
ncov nhất,1
ai làm,1
chỉ liều,1
và đối,1
nếu cố,1
khác vào,1
đẩy người,1
ông rất,1
elliott,1
sát phạt,1
nữ bị cảnh,1
vào 26/3,1
cô đã,1
nhằm ngăn,1
wales),1
macquarie,1
lake,1
quyền thành,1
australia	trở,1
trộm.,1
của thợ,1
(iucn),1
orientalis) thuộc nhóm,1
pardus,1
ivan,1
quét tới,1
primorsky.,1
siberian,1
primorsky,1
thoát trước,1
ngacamera,1
cháy.,1
trữ.,1
2m,1
ron97,1
ron95,1
1/4-30/9.,1
là khách,1
nasional áp,1
lực tenaga,1
15%,1
khấu 15%,1
aziz,1
abdul,1
anuar,1
khairul,1
datuk,1
(pdam),1
tấn bernama,1
malaysiagiá,1
vậy tôi,1
lẳng,1
tôi như,1
bơ,1
lâu.,1
khít,1
thường tình,1
anh có,1
thẳng nhưng không,1
đang căng,1
vãnh.,1
tôi cãi,1
tác miền,1
anh đi,1
anh đối,1
game.,1
gú,1
có),1
(uống,1
giũ,1
bời.,1
chỉ ở,1
tôi quen 6,1
dỗi.,1
xì.,1
bơm,1
sau;,1
hè.,1
bộ cơ,1
yếu?,1
cọi,1
hcm đã,1
những dịch,1
chiều 25/3.,1
của thành,1
phẩm... đều,1
cả cửa,1
người sẽ,1
nội?.,1
hà,1
yếu',1
'đóng,1
là,1
nào,1
thế,1
giùm,1
cấy,1
(23/3),1
airbus,1
beurden,1
total,1
petroleum,1
occidental,1
arabia,1
electric,1
at&t,1
buy,1
(22/3),1
quý.,1
macy,1
(20/3),1
freeport-mcmoran,1
homecoming,1
county,1
osage,1
august:,1
brockovich,1
erin,1
2001,1
soda,1
baking,1
bikini,1
xòa,1
armani,1
giorgio,1
comple,1
aniston,1
pfeiffer,1
people,1
berry,1
halle,1
notting,1
bride,1
runaway,1
wedding,1
friend’s,1
magnolias,1
steel,1
xét:,1
2016),1
(qua,1
trẻtháng,1
windsor,1
megxit,1
vancouver,1
ngai,1
com,1
afp,1
sussex,1
9/2018.,1
hoạch.,1
năm).,1
apave-certifier-tric,1
bị;,1
tải),1
covid-19s,1
confed,1
ronaldo),1
pele,1
selecao,1
101,1
30/3neymar,1
football,1
kỵ,1
golden,1
daniel.,1
1/1/1985.,1
mckinley,1
tonya,1
wells,1
nhà...,1
(đặc,1
phép),1
(phòng,1
thai.,1
sảy,1
khỏi),1
ctscan,1
sức/sơ,1
nhiễm/hồi,1
ối...,1
ncov?,1
tầng.,1
6/2017,1
cai),1
(lào,1
pa,1
hotel,1
waters,1
emerald,1
hanoi,1
78.000,1
56.000,1
20%.,1
tu.,1
tiệc...,1
8%;,1
29%;,1
5/9,1
siverland,1
2/2020,1
liège,1
chèo,1
ngục,1
kuo,1
ming-chi,1
vuông,1
oled,1
(foxconn),1
﻿,1
